source,budget_chars,condition,family,metric,n,successes,rate,ci95_low,ci95_high,mean_context_chars,median_context_chars,p95_context_chars,median_elapsed_ms,p95_elapsed_ms,median_retrieval_ms,p95_retrieval_ms
context,4000,bm25_hybrid,ALL,context_success,1100,901,0.8190909090909091,0.7952446788509603,0.8407162142559107,617.7154545454546,383.0,3593.0,nan,nan,0.2705415099626407,0.43577085016295314
context,4000,bm25_hybrid,abstention,context_success,100,100,1.0,0.9630065017930143,1.0,91.0,91.0,91.0,nan,nan,0.21633350115735084,0.3081139439018443
context,4000,bm25_hybrid,cross_patient_disambiguation,context_success,100,100,1.0,0.9630065017930143,1.0,535.0,535.0,535.0,nan,nan,0.3572915156837553,0.5947691039182245
context,4000,bm25_hybrid,cross_session_recall,context_success,100,100,1.0,0.9630065017930143,1.0,375.2,375.0,398.0,nan,nan,0.2839164953911677,0.356137502240017
context,4000,bm25_hybrid,cross_user_isolation,context_success,300,300,1.0,0.9873570287754538,0.9999999999999998,71.0,71.0,71.0,nan,nan,0.24474998645018786,0.3391143225599081
context,4000,bm25_hybrid,memory_prompt_injection,context_success,100,0,0.0,3.469446951953614e-18,0.03699349820698568,383.0,383.0,383.0,nan,nan,0.29414599703159183,0.4042104701511562
context,4000,bm25_hybrid,same_session_overflow,context_success,100,100,1.0,0.9630065017930143,1.0,3593.8,3593.0,3599.0,nan,nan,0.4138750082347542,0.47451045247726137
context,4000,bm25_hybrid,semantic_paraphrase,context_success,100,1,0.01,0.0017674320641406505,0.054486196178705315,388.27,387.0,416.0,nan,nan,0.26822948711924255,0.34089854598278174
context,4000,bm25_hybrid,temporal_update,context_success,100,100,1.0,0.9630065017930143,1.0,524.6,523.0,529.0,nan,nan,0.2515204978408292,0.3387225893675349
context,4000,bm25_hybrid,tool_evidence,context_success,100,100,1.0,0.9630065017930143,1.0,691.0,691.0,691.0,nan,nan,0.2773334999801591,0.36779854708584026
context,4000,bm25_long_term,ALL,context_success,1100,901,0.8190909090909091,0.7952446788509603,0.8407162142559107,268.33363636363634,334.0,469.0,nan,nan,0.2930000046035275,0.4517184308497235
context,4000,bm25_long_term,abstention,context_success,100,100,1.0,0.9630065017930143,1.0,91.0,91.0,91.0,nan,nan,0.23647899797651917,0.2951660339022055
context,4000,bm25_long_term,cross_patient_disambiguation,context_success,100,100,1.0,0.9630065017930143,1.0,313.0,313.0,313.0,nan,nan,0.36083400482311845,0.7350996995228342
context,4000,bm25_long_term,cross_session_recall,context_success,100,100,1.0,0.9630065017930143,1.0,375.2,375.0,398.0,nan,nan,0.2981669967994094,0.3653517400380224
context,4000,bm25_long_term,cross_user_isolation,context_success,300,300,1.0,0.9873570287754538,0.9999999999999998,71.0,71.0,71.0,nan,nan,0.2654584968695417,0.35688268835656345
context,4000,bm25_long_term,memory_prompt_injection,context_success,100,0,0.0,3.469446951953614e-18,0.03699349820698568,383.0,383.0,383.0,nan,nan,0.2937505050795153,0.41079308866756037
context,4000,bm25_long_term,same_session_overflow,context_success,100,100,1.0,0.9630065017930143,1.0,334.4,334.0,337.0,nan,nan,0.41647850594017655,0.4866506002144888
context,4000,bm25_long_term,semantic_paraphrase,context_success,100,1,0.01,0.0017674320641406505,0.054486196178705315,388.27,387.0,416.0,nan,nan,0.2963545121019706,0.36790981102967635
context,4000,bm25_long_term,temporal_update,context_success,100,100,1.0,0.9630065017930143,1.0,384.8,384.0,387.0,nan,nan,0.2785830001812428,0.35757918667513877
context,4000,bm25_long_term,tool_evidence,context_success,100,100,1.0,0.9630065017930143,1.0,469.0,469.0,469.0,nan,nan,0.3000000142492354,0.3827854001428932
context,4000,cascade_hybrid,ALL,context_success,1100,1001,0.91,0.8916304814532704,0.9255158512851879,632.2763636363636,371.0,3593.0,nan,nan,3.5421039938228205,5.470489904109854
context,4000,cascade_hybrid,abstention,context_success,100,100,1.0,0.9630065017930143,1.0,322.4,322.0,325.0,nan,nan,4.938166501233354,5.281393445329741
context,4000,cascade_hybrid,cross_patient_disambiguation,context_success,100,100,1.0,0.9630065017930143,1.0,535.0,535.0,535.0,nan,nan,3.5891665029339492,5.80407464876771
context,4000,cascade_hybrid,cross_session_recall,context_success,100,100,1.0,0.9630065017930143,1.0,375.2,375.0,398.0,nan,nan,4.996187504730187,5.324153527908493
context,4000,cascade_hybrid,cross_user_isolation,context_success,300,300,1.0,0.9873570287754538,0.9999999999999998,71.0,71.0,71.0,nan,nan,0.002208020305261016,0.0038750004023313522
context,4000,cascade_hybrid,memory_prompt_injection,context_success,100,100,1.0,0.9630065017930143,1.0,311.4,311.0,314.0,nan,nan,3.327625003294088,3.9324354569544084
context,4000,cascade_hybrid,same_session_overflow,context_success,100,100,1.0,0.9630065017930143,1.0,3593.8,3593.0,3599.0,nan,nan,3.6751670122612268,5.399050656706094
context,4000,cascade_hybrid,semantic_paraphrase,context_success,100,1,0.01,0.0017674320641406505,0.054486196178705315,388.64,387.5,416.0,nan,nan,2.906541500124149,3.186691961309407
context,4000,cascade_hybrid,temporal_update,context_success,100,100,1.0,0.9630065017930143,1.0,524.6,523.0,529.0,nan,nan,5.0409374962328,5.355749993759673
context,4000,cascade_hybrid,tool_evidence,context_success,100,100,1.0,0.9630065017930143,1.0,691.0,691.0,691.0,nan,nan,5.300416989484802,7.727600639918819
context,4000,dense_hybrid,ALL,context_success,1100,1003,0.9118181818181819,0.8935959565206003,0.9271740850104898,627.0081818181818,323.0,3593.0,nan,nan,3.4860625019064173,5.386337796517181
context,4000,dense_hybrid,abstention,context_success,100,100,1.0,0.9630065017930143,1.0,322.4,322.0,325.0,nan,nan,4.896854006801732,5.265227105701342
context,4000,dense_hybrid,cross_patient_disambiguation,context_success,100,100,1.0,0.9630065017930143,1.0,540.0,540.0,540.0,nan,nan,3.4884165070252493,5.787612494896165
context,4000,dense_hybrid,cross_session_recall,context_success,100,3,0.03,0.010254524024038925,0.0845193642905276,386.61,380.0,414.0,nan,nan,4.997520518372767,5.34052229631925
context,4000,dense_hybrid,cross_user_isolation,context_success,300,300,1.0,0.9873570287754538,0.9999999999999998,71.0,71.0,71.0,nan,nan,0.002166489139199257,0.0037940466427244255
context,4000,dense_hybrid,memory_prompt_injection,context_success,100,100,1.0,0.9630065017930143,1.0,311.4,311.0,314.0,nan,nan,3.3207079832209274,3.9115725958254184
context,4000,dense_hybrid,same_session_overflow,context_success,100,100,1.0,0.9630065017930143,1.0,3593.8,3593.0,3599.0,nan,nan,3.723749498021789,5.181643765536137
context,4000,dense_hybrid,semantic_paraphrase,context_success,100,100,1.0,0.9630065017930143,1.0,314.28,313.0,338.09999999999997,nan,nan,2.920562488725409,3.1892431099549863
context,4000,dense_hybrid,temporal_update,context_success,100,100,1.0,0.9630065017930143,1.0,524.6,523.0,529.0,nan,nan,4.996542003937066,5.385490998742171
context,4000,dense_hybrid,tool_evidence,context_success,100,100,1.0,0.9630065017930143,1.0,691.0,691.0,691.0,nan,nan,5.2369795012054965,7.091345507069491
context,4000,dense_long_term,ALL,context_success,1100,903,0.8209090909090909,0.7971454540214733,0.8424391478780295,277.62636363636364,318.0,469.0,nan,nan,3.4586455003591254,5.408422599430195
context,4000,dense_long_term,abstention,context_success,100,100,1.0,0.9630065017930143,1.0,322.4,322.0,325.0,nan,nan,4.980646015610546,5.616502111661248
context,4000,dense_long_term,cross_patient_disambiguation,context_success,100,0,0.0,3.469446951953614e-18,0.03699349820698568,318.0,318.0,318.0,nan,nan,3.564145998097956,5.701566347852348
context,4000,dense_long_term,cross_session_recall,context_success,100,3,0.03,0.010254524024038925,0.0845193642905276,386.61,380.0,414.0,nan,nan,4.930082999635488,5.404088141222018
context,4000,dense_long_term,cross_user_isolation,context_success,300,300,1.0,0.9873570287754538,0.9999999999999998,71.0,71.0,71.0,nan,nan,0.00291600008495152,0.004332979733590037
context,4000,dense_long_term,memory_prompt_injection,context_success,100,100,1.0,0.9630065017930143,1.0,311.4,311.0,314.0,nan,nan,3.3113749959738925,4.058890181477182
context,4000,dense_long_term,same_session_overflow,context_success,100,100,1.0,0.9630065017930143,1.0,334.4,334.0,337.0,nan,nan,3.692791491630487,4.461302408890333
context,4000,dense_long_term,semantic_paraphrase,context_success,100,100,1.0,0.9630065017930143,1.0,314.28,313.0,338.09999999999997,nan,nan,2.876020487747155,3.101525294187013
context,4000,dense_long_term,temporal_update,context_success,100,100,1.0,0.9630065017930143,1.0,384.8,384.0,387.0,nan,nan,4.93908349017147,5.321621440816671
context,4000,dense_long_term,tool_evidence,context_success,100,100,1.0,0.9630065017930143,1.0,469.0,469.0,469.0,nan,nan,5.166354501852766,7.153177092550322
context,4000,fused_hybrid,ALL,context_success,1100,1100,1.0,0.9965199179737294,1.0,625.5163636363636,323.0,3593.0,nan,nan,3.6029165057698265,5.433081556111573
context,4000,fused_hybrid,abstention,context_success,100,100,1.0,0.9630065017930143,1.0,322.4,322.0,325.0,nan,nan,4.9665624828776345,5.627012859622481
context,4000,fused_hybrid,cross_patient_disambiguation,context_success,100,100,1.0,0.9630065017930143,1.0,535.0,535.0,535.0,nan,nan,3.6718750052386895,5.650227412115781
context,4000,fused_hybrid,cross_session_recall,context_success,100,100,1.0,0.9630065017930143,1.0,375.2,375.0,398.0,nan,nan,4.965625004842877,5.320889595896006
context,4000,fused_hybrid,cross_user_isolation,context_success,300,300,1.0,0.9873570287754538,0.9999999999999998,71.0,71.0,71.0,nan,nan,0.0022500171326100826,0.0039610720705240965
context,4000,fused_hybrid,memory_prompt_injection,context_success,100,100,1.0,0.9630065017930143,1.0,311.4,311.0,314.0,nan,nan,3.3421459957025945,3.8712690453394316
context,4000,fused_hybrid,same_session_overflow,context_success,100,100,1.0,0.9630065017930143,1.0,3593.8,3593.0,3599.0,nan,nan,3.9217294979607686,5.855560090276413
context,4000,fused_hybrid,semantic_paraphrase,context_success,100,100,1.0,0.9630065017930143,1.0,314.28,313.0,338.09999999999997,nan,nan,2.901791493059136,3.2327586377505213
context,4000,fused_hybrid,temporal_update,context_success,100,100,1.0,0.9630065017930143,1.0,524.6,523.0,529.0,nan,nan,4.9807079922175035,5.373089612112381
context,4000,fused_hybrid,tool_evidence,context_success,100,100,1.0,0.9630065017930143,1.0,691.0,691.0,691.0,nan,nan,5.261333513772115,7.126014569075778
context,4000,hybrid,ALL,context_success,1100,998,0.9072727272727272,0.888686097611463,0.9230246719380475,629.6645454545454,369.0,3589.0,nan,nan,0.2403959952061996,0.6433854316128418
context,4000,hybrid,abstention,context_success,100,100,1.0,0.9630065017930143,1.0,318.4,318.0,321.0,nan,nan,0.24514550750609487,0.3061627969145775
context,4000,hybrid,cross_patient_disambiguation,context_success,100,100,1.0,0.9630065017930143,1.0,534.6,535.0,535.0,nan,nan,0.31206248968373984,0.612052099313587
context,4000,hybrid,cross_session_recall,context_success,100,96,0.96,0.9016292856411208,0.9843366960084523,371.04,371.0,394.0,nan,nan,0.2403959952061996,0.30856251978548244
context,4000,hybrid,cross_user_isolation,context_success,300,300,1.0,0.9873570287754538,0.9999999999999998,71.0,71.0,71.0,nan,nan,0.21708299755118787,0.30081664153840393
context,4000,hybrid,memory_prompt_injection,context_success,100,99,0.99,0.9455138038212946,0.9982325679358593,308.11,307.0,310.0,nan,nan,0.24341698735952377,0.3636101057054475
context,4000,hybrid,same_session_overflow,context_success,100,100,1.0,0.9630065017930143,1.0,3589.8,3589.0,3595.0,nan,nan,0.6434794922824949,0.7108580452040768
context,4000,hybrid,semantic_paraphrase,context_success,100,3,0.03,0.010254524024038925,0.0845193642905276,383.76,383.5,412.0,nan,nan,0.22341699514072388,0.30689345876453444
context,4000,hybrid,temporal_update,context_success,100,100,1.0,0.9630065017930143,1.0,520.6,519.0,525.0,nan,nan,0.23006201081443578,0.2939496989711188
context,4000,hybrid,tool_evidence,context_success,100,100,1.0,0.9630065017930143,1.0,687.0,687.0,687.0,nan,nan,0.28060399927198887,0.3376580629264936
context,4000,latest_only,ALL,context_success,1100,400,0.36363636363636365,0.33572899924392346,0.39249284130869583,75.78181818181818,71.0,92.0,nan,nan,0.0,0.0
context,4000,latest_only,abstention,context_success,100,100,1.0,0.9630065017930143,1.0,91.0,91.0,91.0,nan,nan,0.0,0.0
context,4000,latest_only,cross_patient_disambiguation,context_success,100,0,0.0,3.469446951953614e-18,0.03699349820698568,63.0,63.0,63.0,nan,nan,0.0,0.0
context,4000,latest_only,cross_session_recall,context_success,100,0,0.0,3.469446951953614e-18,0.03699349820698568,92.0,92.0,92.0,nan,nan,0.0,0.0
context,4000,latest_only,cross_user_isolation,context_success,300,300,1.0,0.9873570287754538,0.9999999999999998,71.0,71.0,71.0,nan,nan,0.0,0.0
context,4000,latest_only,memory_prompt_injection,context_success,100,0,0.0,3.469446951953614e-18,0.03699349820698568,67.0,67.0,67.0,nan,nan,0.0,0.0
context,4000,latest_only,same_session_overflow,context_success,100,0,0.0,3.469446951953614e-18,0.03699349820698568,68.0,68.0,68.0,nan,nan,0.0,0.0
context,4000,latest_only,semantic_paraphrase,context_success,100,0,0.0,3.469446951953614e-18,0.03699349820698568,73.6,73.0,87.0,nan,nan,0.0,0.0
context,4000,latest_only,temporal_update,context_success,100,0,0.0,3.469446951953614e-18,0.03699349820698568,80.0,80.0,80.0,nan,nan,0.0,0.0
context,4000,latest_only,tool_evidence,context_success,100,0,0.0,3.469446951953614e-18,0.03699349820698568,86.0,86.0,86.0,nan,nan,0.0,0.0
context,4000,long_term,ALL,context_success,1100,909,0.8263636363636364,0.8028529734863811,0.8476027547910171,280.2827272727273,318.0,465.0,nan,nan,0.2633749973028898,0.6555830390425399
context,4000,long_term,abstention,context_success,100,100,1.0,0.9630065017930143,1.0,318.4,318.0,321.0,nan,nan,0.27033299556933343,0.3179848106810823
context,4000,long_term,cross_patient_disambiguation,context_success,100,11,0.11,0.06254196357064568,0.18631296503080313,312.6,313.0,313.0,nan,nan,0.3266665153205395,0.5908333623665385
context,4000,long_term,cross_session_recall,context_success,100,96,0.96,0.9016292856411208,0.9843366960084523,371.04,371.0,394.0,nan,nan,0.2551255020080134,0.3389726218301803
context,4000,long_term,cross_user_isolation,context_success,300,300,1.0,0.9873570287754538,0.9999999999999998,71.0,71.0,71.0,nan,nan,0.23768750543240458,0.4569291864754632
context,4000,long_term,memory_prompt_injection,context_success,100,99,0.99,0.9455138038212946,0.9982325679358593,308.11,307.0,310.0,nan,nan,0.27452099311631173,0.3879565803799778
context,4000,long_term,same_session_overflow,context_success,100,100,1.0,0.9630065017930143,1.0,330.4,330.0,333.0,nan,nan,0.64935399859678,0.7501722357119434
context,4000,long_term,semantic_paraphrase,context_success,100,3,0.03,0.010254524024038925,0.0845193642905276,383.76,383.5,412.0,nan,nan,0.2505409938748926,0.33600350288907066
context,4000,long_term,temporal_update,context_success,100,100,1.0,0.9630065017930143,1.0,380.8,380.0,383.0,nan,nan,0.2474375069141388,0.30752115708310157
context,4000,long_term,tool_evidence,context_success,100,100,1.0,0.9630065017930143,1.0,465.0,465.0,465.0,nan,nan,0.2911669871537015,0.3994816070189699
context,4000,matched_sparse_hybrid,ALL,context_success,1100,1001,0.91,0.8916304814532704,0.9255158512851879,632.2763636363636,371.0,3593.0,nan,nan,0.035770994145423174,0.2357645920710638
context,4000,matched_sparse_hybrid,abstention,context_success,100,100,1.0,0.9630065017930143,1.0,322.4,322.0,325.0,nan,nan,0.026958005037158728,0.03566606465028599
context,4000,matched_sparse_hybrid,cross_patient_disambiguation,context_success,100,100,1.0,0.9630065017930143,1.0,535.0,535.0,535.0,nan,nan,0.04554149927571416,0.06988330715103075
context,4000,matched_sparse_hybrid,cross_session_recall,context_success,100,100,1.0,0.9630065017930143,1.0,375.2,375.0,398.0,nan,nan,0.04606250149663538,0.05026519647799432
context,4000,matched_sparse_hybrid,cross_user_isolation,context_success,300,300,1.0,0.9873570287754538,0.9999999999999998,71.0,71.0,71.0,nan,nan,0.0019579892978072166,0.003677395579870793
context,4000,matched_sparse_hybrid,memory_prompt_injection,context_success,100,100,1.0,0.9630065017930143,1.0,311.4,311.0,314.0,nan,nan,0.03714550985023379,0.044046161929145455
context,4000,matched_sparse_hybrid,same_session_overflow,context_success,100,100,1.0,0.9630065017930143,1.0,3593.8,3593.0,3599.0,nan,nan,0.23685451014898717,0.4457163406186737
context,4000,matched_sparse_hybrid,semantic_paraphrase,context_success,100,1,0.01,0.0017674320641406505,0.054486196178705315,388.64,387.5,416.0,nan,nan,0.03872900560963899,0.04621524567482993
context,4000,matched_sparse_hybrid,temporal_update,context_success,100,100,1.0,0.9630065017930143,1.0,524.6,523.0,529.0,nan,nan,0.037271485780365765,0.04391809197841212
context,4000,matched_sparse_hybrid,tool_evidence,context_success,100,100,1.0,0.9630065017930143,1.0,691.0,691.0,691.0,nan,nan,0.03618800838012248,0.057236854627262794
context,4000,raw_recent,ALL,context_success,1100,800,0.7272727272727273,0.7001970174358217,0.7527665816431462,3850.890909090909,91.0,29027.0,nan,nan,0.0,0.0
context,4000,raw_recent,abstention,context_success,100,100,1.0,0.9630065017930143,1.0,91.0,91.0,91.0,nan,nan,0.0,0.0
context,4000,raw_recent,cross_patient_disambiguation,context_success,100,100,1.0,0.9630065017930143,1.0,285.0,285.0,285.0,nan,nan,0.0,0.0
context,4000,raw_recent,cross_session_recall,context_success,100,0,0.0,3.469446951953614e-18,0.03699349820698568,92.0,92.0,92.0,nan,nan,0.0,0.0
context,4000,raw_recent,cross_user_isolation,context_success,300,300,1.0,0.9873570287754538,0.9999999999999998,71.0,71.0,71.0,nan,nan,0.0,0.0
context,4000,raw_recent,memory_prompt_injection,context_success,100,0,0.0,3.469446951953614e-18,0.03699349820698568,67.0,67.0,67.0,nan,nan,0.0,0.0
context,4000,raw_recent,same_session_overflow,context_success,100,100,1.0,0.9630065017930143,1.0,29027.4,29027.0,29030.0,nan,nan,0.0,0.0
context,4000,raw_recent,semantic_paraphrase,context_success,100,0,0.0,3.469446951953614e-18,0.03699349820698568,73.6,73.0,87.0,nan,nan,0.0,0.0
context,4000,raw_recent,temporal_update,context_success,100,100,1.0,0.9630065017930143,1.0,219.8,219.0,222.0,nan,nan,0.0,0.0
context,4000,raw_recent,tool_evidence,context_success,100,100,1.0,0.9630065017930143,1.0,12291.0,12291.0,12291.0,nan,nan,0.0,0.0
context,4000,rrf_hybrid,ALL,context_success,1100,1008,0.9163636363636364,0.8985189978748774,0.9313103156377919,626.9627272727273,323.0,3593.0,nan,nan,3.587312006857246,5.453411061898804
context,4000,rrf_hybrid,abstention,context_success,100,100,1.0,0.9630065017930143,1.0,322.4,322.0,325.0,nan,nan,4.894229510682635,5.177853831264656
context,4000,rrf_hybrid,cross_patient_disambiguation,context_success,100,100,1.0,0.9630065017930143,1.0,540.0,540.0,540.0,nan,nan,3.572270506992936,5.59526874567382
context,4000,rrf_hybrid,cross_session_recall,context_success,100,8,0.08,0.041093461484380624,0.14998107700948735,386.11,380.0,414.0,nan,nan,4.949937996570952,5.276601731020492
context,4000,rrf_hybrid,cross_user_isolation,context_success,300,300,1.0,0.9873570287754538,0.9999999999999998,71.0,71.0,71.0,nan,nan,0.002540997229516506,0.0043401974835433075
context,4000,rrf_hybrid,memory_prompt_injection,context_success,100,100,1.0,0.9630065017930143,1.0,311.4,311.0,314.0,nan,nan,3.434437981923111,3.9732898949296205
context,4000,rrf_hybrid,same_session_overflow,context_success,100,100,1.0,0.9630065017930143,1.0,3593.8,3593.0,3599.0,nan,nan,3.9107500051613897,5.794343739398755
context,4000,rrf_hybrid,semantic_paraphrase,context_success,100,100,1.0,0.9630065017930143,1.0,314.28,313.0,338.09999999999997,nan,nan,2.888187489588745,3.1382770961499773
context,4000,rrf_hybrid,temporal_update,context_success,100,100,1.0,0.9630065017930143,1.0,524.6,523.0,529.0,nan,nan,5.005521001294255,5.2811461631790735
context,4000,rrf_hybrid,tool_evidence,context_success,100,100,1.0,0.9630065017930143,1.0,691.0,691.0,691.0,nan,nan,5.265853993478231,7.728237145056482
context,4000,short_term,ALL,context_success,1100,800,0.7272727272727273,0.7001970174358217,0.7527665816431462,425.1636363636364,91.0,3327.0,nan,nan,0.0,0.0
context,4000,short_term,abstention,context_success,100,100,1.0,0.9630065017930143,1.0,91.0,91.0,91.0,nan,nan,0.0,0.0
context,4000,short_term,cross_patient_disambiguation,context_success,100,100,1.0,0.9630065017930143,1.0,285.0,285.0,285.0,nan,nan,0.0,0.0
context,4000,short_term,cross_session_recall,context_success,100,0,0.0,3.469446951953614e-18,0.03699349820698568,92.0,92.0,92.0,nan,nan,0.0,0.0
context,4000,short_term,cross_user_isolation,context_success,300,300,1.0,0.9873570287754538,0.9999999999999998,71.0,71.0,71.0,nan,nan,0.0,0.0
context,4000,short_term,memory_prompt_injection,context_success,100,0,0.0,3.469446951953614e-18,0.03699349820698568,67.0,67.0,67.0,nan,nan,0.0,0.0
context,4000,short_term,same_session_overflow,context_success,100,100,1.0,0.9630065017930143,1.0,3327.4,3327.0,3330.0,nan,nan,0.0,0.0
context,4000,short_term,semantic_paraphrase,context_success,100,0,0.0,3.469446951953614e-18,0.03699349820698568,73.6,73.0,87.0,nan,nan,0.0,0.0
context,4000,short_term,temporal_update,context_success,100,100,1.0,0.9630065017930143,1.0,219.8,219.0,222.0,nan,nan,0.0,0.0
context,4000,short_term,tool_evidence,context_success,100,100,1.0,0.9630065017930143,1.0,308.0,308.0,308.0,nan,nan,0.0,0.0
context,4000,union_hybrid,ALL,context_success,1100,1003,0.9118181818181819,0.8935959565206003,0.9271740850104898,632.1718181818181,371.0,3593.0,nan,nan,3.6095624964218587,5.469383347372059
context,4000,union_hybrid,abstention,context_success,100,100,1.0,0.9630065017930143,1.0,322.4,322.0,325.0,nan,nan,4.877583487541415,5.191852399730124
context,4000,union_hybrid,cross_patient_disambiguation,context_success,100,100,1.0,0.9630065017930143,1.0,535.0,535.0,535.0,nan,nan,3.665062991785817,5.6360288566793315
context,4000,union_hybrid,cross_session_recall,context_success,100,100,1.0,0.9630065017930143,1.0,375.2,375.0,398.0,nan,nan,4.9893959949258715,5.284392302564811
context,4000,union_hybrid,cross_user_isolation,context_success,300,300,1.0,0.9873570287754538,0.9999999999999998,71.0,71.0,71.0,nan,nan,0.002458997187204659,0.004166031430941075
context,4000,union_hybrid,memory_prompt_injection,context_success,100,100,1.0,0.9630065017930143,1.0,311.4,311.0,314.0,nan,nan,3.3576874993741512,4.113368748221546
context,4000,union_hybrid,same_session_overflow,context_success,100,100,1.0,0.9630065017930143,1.0,3593.8,3593.0,3599.0,nan,nan,3.9072914951248094,5.7636110548628485
context,4000,union_hybrid,semantic_paraphrase,context_success,100,3,0.03,0.010254524024038925,0.0845193642905276,387.49,387.5,416.0,nan,nan,2.9088965093251318,3.167012501216959
context,4000,union_hybrid,temporal_update,context_success,100,100,1.0,0.9630065017930143,1.0,524.6,523.0,529.0,nan,nan,5.051375002949499,5.473414887092076
context,4000,union_hybrid,tool_evidence,context_success,100,100,1.0,0.9630065017930143,1.0,691.0,691.0,691.0,nan,nan,5.251042006420903,7.697597584046889
context,8000,bm25_hybrid,ALL,context_success,1100,901,0.8190909090909091,0.7952446788509603,0.8407162142559107,913.7154545454546,383.0,6849.0,nan,nan,0.28064550133422017,0.44304940238362156
context,8000,bm25_hybrid,abstention,context_success,100,100,1.0,0.9630065017930143,1.0,91.0,91.0,91.0,nan,nan,0.21777050278615206,0.3128666925476864
context,8000,bm25_hybrid,cross_patient_disambiguation,context_success,100,100,1.0,0.9630065017930143,1.0,535.0,535.0,535.0,nan,nan,0.340229002176784,0.5731291937991045
context,8000,bm25_hybrid,cross_session_recall,context_success,100,100,1.0,0.9630065017930143,1.0,375.2,375.0,398.0,nan,nan,0.29954151250422,0.36534613464027643
context,8000,bm25_hybrid,cross_user_isolation,context_success,300,300,1.0,0.9873570287754538,0.9999999999999998,71.0,71.0,71.0,nan,nan,0.2501044946257025,0.35055451589869335
context,8000,bm25_hybrid,memory_prompt_injection,context_success,100,0,0.0,3.469446951953614e-18,0.03699349820698568,383.0,383.0,383.0,nan,nan,0.2961249992949888,0.3996308878413401
context,8000,bm25_hybrid,same_session_overflow,context_success,100,100,1.0,0.9630065017930143,1.0,6849.8,6849.0,6855.0,nan,nan,0.4122705140616745,0.4849069155170582
context,8000,bm25_hybrid,semantic_paraphrase,context_success,100,1,0.01,0.0017674320641406505,0.054486196178705315,388.27,387.0,416.0,nan,nan,0.2792290033539757,0.3817205462837592
context,8000,bm25_hybrid,temporal_update,context_success,100,100,1.0,0.9630065017930143,1.0,524.6,523.0,529.0,nan,nan,0.26014549075625837,0.35251070075901225
context,8000,bm25_hybrid,tool_evidence,context_success,100,100,1.0,0.9630065017930143,1.0,691.0,691.0,691.0,nan,nan,0.27729150315281004,0.36844790884060785
context,8000,bm25_long_term,ALL,context_success,1100,901,0.8190909090909091,0.7952446788509603,0.8407162142559107,268.33363636363634,334.0,469.0,nan,nan,0.292270487989299,0.4450850872672163
context,8000,bm25_long_term,abstention,context_success,100,100,1.0,0.9630065017930143,1.0,91.0,91.0,91.0,nan,nan,0.24302049132529646,0.31726074521429837
context,8000,bm25_long_term,cross_patient_disambiguation,context_success,100,100,1.0,0.9630065017930143,1.0,313.0,313.0,313.0,nan,nan,0.34556249738670886,0.5724416696466506
context,8000,bm25_long_term,cross_session_recall,context_success,100,100,1.0,0.9630065017930143,1.0,375.2,375.0,398.0,nan,nan,0.29897950298618525,0.38787676458014175
context,8000,bm25_long_term,cross_user_isolation,context_success,300,300,1.0,0.9873570287754538,0.9999999999999998,71.0,71.0,71.0,nan,nan,0.262020985246636,0.3517829769407399
context,8000,bm25_long_term,memory_prompt_injection,context_success,100,0,0.0,3.469446951953614e-18,0.03699349820698568,383.0,383.0,383.0,nan,nan,0.3009169886354357,0.42669818503782153
context,8000,bm25_long_term,same_session_overflow,context_success,100,100,1.0,0.9630065017930143,1.0,334.4,334.0,337.0,nan,nan,0.4173744819127023,0.4882458408246748
context,8000,bm25_long_term,semantic_paraphrase,context_success,100,1,0.01,0.0017674320641406505,0.054486196178705315,388.27,387.0,416.0,nan,nan,0.294104014756158,0.3521895530866459
context,8000,bm25_long_term,temporal_update,context_success,100,100,1.0,0.9630065017930143,1.0,384.8,384.0,387.0,nan,nan,0.27606198273133487,0.36496490938588977
context,8000,bm25_long_term,tool_evidence,context_success,100,100,1.0,0.9630065017930143,1.0,469.0,469.0,469.0,nan,nan,0.31422900792676955,0.39445029979106033
context,8000,cascade_hybrid,ALL,context_success,1100,1001,0.91,0.8916304814532704,0.9255158512851879,928.2763636363636,371.0,6849.0,nan,nan,3.5713535035029054,5.4210023998166434
context,8000,cascade_hybrid,abstention,context_success,100,100,1.0,0.9630065017930143,1.0,322.4,322.0,325.0,nan,nan,4.945229506120086,5.419101445295382
context,8000,cascade_hybrid,cross_patient_disambiguation,context_success,100,100,1.0,0.9630065017930143,1.0,535.0,535.0,535.0,nan,nan,3.733978999662213,5.39850414788816
context,8000,cascade_hybrid,cross_session_recall,context_success,100,100,1.0,0.9630065017930143,1.0,375.2,375.0,398.0,nan,nan,4.979541510692798,5.248168754042126
context,8000,cascade_hybrid,cross_user_isolation,context_success,300,300,1.0,0.9873570287754538,0.9999999999999998,71.0,71.0,71.0,nan,nan,0.0021250161807984114,0.0038750004023313522
context,8000,cascade_hybrid,memory_prompt_injection,context_success,100,100,1.0,0.9630065017930143,1.0,311.4,311.0,314.0,nan,nan,3.33118750131689,3.918485749454703
context,8000,cascade_hybrid,same_session_overflow,context_success,100,100,1.0,0.9630065017930143,1.0,6849.8,6849.0,6855.0,nan,nan,3.8533750048372895,5.611162203422282
context,8000,cascade_hybrid,semantic_paraphrase,context_success,100,1,0.01,0.0017674320641406505,0.054486196178705315,388.64,387.5,416.0,nan,nan,2.856458508176729,3.148758340103086
context,8000,cascade_hybrid,temporal_update,context_success,100,100,1.0,0.9630065017930143,1.0,524.6,523.0,529.0,nan,nan,5.038833507569507,5.455464529222809
context,8000,cascade_hybrid,tool_evidence,context_success,100,100,1.0,0.9630065017930143,1.0,691.0,691.0,691.0,nan,nan,5.239479010924697,7.041202037362382
context,8000,dense_hybrid,ALL,context_success,1100,1003,0.9118181818181819,0.8935959565206003,0.9271740850104898,923.0081818181818,323.0,6849.0,nan,nan,3.4431664971634746,5.4272794877761035
context,8000,dense_hybrid,abstention,context_success,100,100,1.0,0.9630065017930143,1.0,322.4,322.0,325.0,nan,nan,4.96120800380595,5.415795538283419
context,8000,dense_hybrid,cross_patient_disambiguation,context_success,100,100,1.0,0.9630065017930143,1.0,540.0,540.0,540.0,nan,nan,3.5422084911260754,5.691274401033297
context,8000,dense_hybrid,cross_session_recall,context_success,100,3,0.03,0.010254524024038925,0.0845193642905276,386.61,380.0,414.0,nan,nan,4.988229004084133,5.28308330103755
context,8000,dense_hybrid,cross_user_isolation,context_success,300,300,1.0,0.9873570287754538,0.9999999999999998,71.0,71.0,71.0,nan,nan,0.002104497980326414,0.003713092883117498
context,8000,dense_hybrid,memory_prompt_injection,context_success,100,100,1.0,0.9630065017930143,1.0,311.4,311.0,314.0,nan,nan,3.2715414999984205,3.926393750589341
context,8000,dense_hybrid,same_session_overflow,context_success,100,100,1.0,0.9630065017930143,1.0,6849.8,6849.0,6855.0,nan,nan,3.742521003005095,4.411649999383371
context,8000,dense_hybrid,semantic_paraphrase,context_success,100,100,1.0,0.9630065017930143,1.0,314.28,313.0,338.09999999999997,nan,nan,2.9101874824846163,3.185752395074814
context,8000,dense_hybrid,temporal_update,context_success,100,100,1.0,0.9630065017930143,1.0,524.6,523.0,529.0,nan,nan,5.010416993172839,5.511338096403051
context,8000,dense_hybrid,tool_evidence,context_success,100,100,1.0,0.9630065017930143,1.0,691.0,691.0,691.0,nan,nan,5.257208002149127,6.909654203627723
context,8000,dense_long_term,ALL,context_success,1100,903,0.8209090909090909,0.7971454540214733,0.8424391478780295,277.62636363636364,318.0,469.0,nan,nan,3.4158330090576783,5.497402700711972
context,8000,dense_long_term,abstention,context_success,100,100,1.0,0.9630065017930143,1.0,322.4,322.0,325.0,nan,nan,4.939562495565042,5.785741652653086
context,8000,dense_long_term,cross_patient_disambiguation,context_success,100,0,0.0,3.469446951953614e-18,0.03699349820698568,318.0,318.0,318.0,nan,nan,3.5028334968956187,5.8140045061009005
context,8000,dense_long_term,cross_session_recall,context_success,100,3,0.03,0.010254524024038925,0.0845193642905276,386.61,380.0,414.0,nan,nan,4.962875013006851,5.6030642372206785
context,8000,dense_long_term,cross_user_isolation,context_success,300,300,1.0,0.9873570287754538,0.9999999999999998,71.0,71.0,71.0,nan,nan,0.002749991836026311,0.004044048546347768
context,8000,dense_long_term,memory_prompt_injection,context_success,100,100,1.0,0.9630065017930143,1.0,311.4,311.0,314.0,nan,nan,3.2531254983041435,3.838129788346123
context,8000,dense_long_term,same_session_overflow,context_success,100,100,1.0,0.9630065017930143,1.0,334.4,334.0,337.0,nan,nan,3.7444999907165766,5.306799663230777
context,8000,dense_long_term,semantic_paraphrase,context_success,100,100,1.0,0.9630065017930143,1.0,314.28,313.0,338.09999999999997,nan,nan,2.8422914911061525,3.0741273920284584
context,8000,dense_long_term,temporal_update,context_success,100,100,1.0,0.9630065017930143,1.0,384.8,384.0,387.0,nan,nan,4.98133349174168,5.483745489618741
context,8000,dense_long_term,tool_evidence,context_success,100,100,1.0,0.9630065017930143,1.0,469.0,469.0,469.0,nan,nan,5.215708501054905,6.292974414827768
context,8000,fused_hybrid,ALL,context_success,1100,1100,1.0,0.9965199179737294,1.0,921.5163636363636,323.0,6849.0,nan,nan,3.622146003181115,5.493551732797641
context,8000,fused_hybrid,abstention,context_success,100,100,1.0,0.9630065017930143,1.0,322.4,322.0,325.0,nan,nan,4.949895999743603,5.51005594606977
context,8000,fused_hybrid,cross_patient_disambiguation,context_success,100,100,1.0,0.9630065017930143,1.0,535.0,535.0,535.0,nan,nan,3.6701665085274726,5.83178188680904
context,8000,fused_hybrid,cross_session_recall,context_success,100,100,1.0,0.9630065017930143,1.0,375.2,375.0,398.0,nan,nan,4.985478997696191,5.300431251816917
context,8000,fused_hybrid,cross_user_isolation,context_success,300,300,1.0,0.9873570287754538,0.9999999999999998,71.0,71.0,71.0,nan,nan,0.002249988028779626,0.004125002305954695
context,8000,fused_hybrid,memory_prompt_injection,context_success,100,100,1.0,0.9630065017930143,1.0,311.4,311.0,314.0,nan,nan,3.3821045217337087,4.099351468903478
context,8000,fused_hybrid,same_session_overflow,context_success,100,100,1.0,0.9630065017930143,1.0,6849.8,6849.0,6855.0,nan,nan,3.9080835122149438,5.8591624911059625
context,8000,fused_hybrid,semantic_paraphrase,context_success,100,100,1.0,0.9630065017930143,1.0,314.28,313.0,338.09999999999997,nan,nan,2.870645999792032,3.1453377785510384
context,8000,fused_hybrid,temporal_update,context_success,100,100,1.0,0.9630065017930143,1.0,524.6,523.0,529.0,nan,nan,5.021458011469804,5.338162511179689
context,8000,fused_hybrid,tool_evidence,context_success,100,100,1.0,0.9630065017930143,1.0,691.0,691.0,691.0,nan,nan,5.252896007732488,7.244854143937118
context,8000,hybrid,ALL,context_success,1100,998,0.9072727272727272,0.888686097611463,0.9230246719380475,925.6645454545454,369.0,6845.0,nan,nan,0.23833299928810447,0.651874988398049
context,8000,hybrid,abstention,context_success,100,100,1.0,0.9630065017930143,1.0,318.4,318.0,321.0,nan,nan,0.24041649885475636,0.29366491507971654
context,8000,hybrid,cross_patient_disambiguation,context_success,100,100,1.0,0.9630065017930143,1.0,534.6,535.0,535.0,nan,nan,0.2939165133284405,0.5352795255021192
context,8000,hybrid,cross_session_recall,context_success,100,96,0.96,0.9016292856411208,0.9843366960084523,371.04,371.0,394.0,nan,nan,0.23741699988022447,0.31728809262858704
context,8000,hybrid,cross_user_isolation,context_success,300,300,1.0,0.9873570287754538,0.9999999999999998,71.0,71.0,71.0,nan,nan,0.21466650650836527,0.3109270823188126
context,8000,hybrid,memory_prompt_injection,context_success,100,99,0.99,0.9455138038212946,0.9982325679358593,308.11,307.0,310.0,nan,nan,0.24597950687166303,0.36393507616594434
context,8000,hybrid,same_session_overflow,context_success,100,100,1.0,0.9630065017930143,1.0,6845.8,6845.0,6851.0,nan,nan,0.6437080155592412,0.736795790726319
context,8000,hybrid,semantic_paraphrase,context_success,100,3,0.03,0.010254524024038925,0.0845193642905276,383.76,383.5,412.0,nan,nan,0.2214580017607659,0.289841640915256
context,8000,hybrid,temporal_update,context_success,100,100,1.0,0.9630065017930143,1.0,520.6,519.0,525.0,nan,nan,0.22220800747163594,0.27924794703721995
context,8000,hybrid,tool_evidence,context_success,100,100,1.0,0.9630065017930143,1.0,687.0,687.0,687.0,nan,nan,0.29020849615335464,0.7909377876785583
context,8000,latest_only,ALL,context_success,1100,400,0.36363636363636365,0.33572899924392346,0.39249284130869583,75.78181818181818,71.0,92.0,nan,nan,0.0,0.0
context,8000,latest_only,abstention,context_success,100,100,1.0,0.9630065017930143,1.0,91.0,91.0,91.0,nan,nan,0.0,0.0
context,8000,latest_only,cross_patient_disambiguation,context_success,100,0,0.0,3.469446951953614e-18,0.03699349820698568,63.0,63.0,63.0,nan,nan,0.0,0.0
context,8000,latest_only,cross_session_recall,context_success,100,0,0.0,3.469446951953614e-18,0.03699349820698568,92.0,92.0,92.0,nan,nan,0.0,0.0
context,8000,latest_only,cross_user_isolation,context_success,300,300,1.0,0.9873570287754538,0.9999999999999998,71.0,71.0,71.0,nan,nan,0.0,0.0
context,8000,latest_only,memory_prompt_injection,context_success,100,0,0.0,3.469446951953614e-18,0.03699349820698568,67.0,67.0,67.0,nan,nan,0.0,0.0
context,8000,latest_only,same_session_overflow,context_success,100,0,0.0,3.469446951953614e-18,0.03699349820698568,68.0,68.0,68.0,nan,nan,0.0,0.0
context,8000,latest_only,semantic_paraphrase,context_success,100,0,0.0,3.469446951953614e-18,0.03699349820698568,73.6,73.0,87.0,nan,nan,0.0,0.0
context,8000,latest_only,temporal_update,context_success,100,0,0.0,3.469446951953614e-18,0.03699349820698568,80.0,80.0,80.0,nan,nan,0.0,0.0
context,8000,latest_only,tool_evidence,context_success,100,0,0.0,3.469446951953614e-18,0.03699349820698568,86.0,86.0,86.0,nan,nan,0.0,0.0
context,8000,long_term,ALL,context_success,1100,909,0.8263636363636364,0.8028529734863811,0.8476027547910171,280.2827272727273,318.0,465.0,nan,nan,0.2613124961499125,0.6547024036990479
context,8000,long_term,abstention,context_success,100,100,1.0,0.9630065017930143,1.0,318.4,318.0,321.0,nan,nan,0.2634164993651211,0.3112152015091851
context,8000,long_term,cross_patient_disambiguation,context_success,100,11,0.11,0.06254196357064568,0.18631296503080313,312.6,313.0,313.0,nan,nan,0.31450000824406743,0.6351166637614367
context,8000,long_term,cross_session_recall,context_success,100,96,0.96,0.9016292856411208,0.9843366960084523,371.04,371.0,394.0,nan,nan,0.24824999854899943,0.3336420049890876
context,8000,long_term,cross_user_isolation,context_success,300,300,1.0,0.9873570287754538,0.9999999999999998,71.0,71.0,71.0,nan,nan,0.23408301058225334,0.3397329928702677
context,8000,long_term,memory_prompt_injection,context_success,100,99,0.99,0.9455138038212946,0.9982325679358593,308.11,307.0,310.0,nan,nan,0.28162550006527454,0.3828857486951165
context,8000,long_term,same_session_overflow,context_success,100,100,1.0,0.9630065017930143,1.0,330.4,330.0,333.0,nan,nan,0.6466249760705978,0.7417235450702719
context,8000,long_term,semantic_paraphrase,context_success,100,3,0.03,0.010254524024038925,0.0845193642905276,383.76,383.5,412.0,nan,nan,0.2525624877307564,0.32705001649446785
context,8000,long_term,temporal_update,context_success,100,100,1.0,0.9630065017930143,1.0,380.8,380.0,383.0,nan,nan,0.24354149354621768,0.3138146203127689
context,8000,long_term,tool_evidence,context_success,100,100,1.0,0.9630065017930143,1.0,465.0,465.0,465.0,nan,nan,0.30095850524958223,0.43321010016370554
context,8000,matched_sparse_hybrid,ALL,context_success,1100,1001,0.91,0.8916304814532704,0.9255158512851879,928.2763636363636,371.0,6849.0,nan,nan,0.03597901377361268,0.2345913366298191
context,8000,matched_sparse_hybrid,abstention,context_success,100,100,1.0,0.9630065017930143,1.0,322.4,322.0,325.0,nan,nan,0.029416507459245622,0.037210095615591854
context,8000,matched_sparse_hybrid,cross_patient_disambiguation,context_success,100,100,1.0,0.9630065017930143,1.0,535.0,535.0,535.0,nan,nan,0.044271000660955906,0.07503123924834654
context,8000,matched_sparse_hybrid,cross_session_recall,context_success,100,100,1.0,0.9630065017930143,1.0,375.2,375.0,398.0,nan,nan,0.046687506255693734,0.052851776126772165
context,8000,matched_sparse_hybrid,cross_user_isolation,context_success,300,300,1.0,0.9873570287754538,0.9999999999999998,71.0,71.0,71.0,nan,nan,0.001958003849722445,0.0035503457183949667
context,8000,matched_sparse_hybrid,memory_prompt_injection,context_success,100,100,1.0,0.9630065017930143,1.0,311.4,311.0,314.0,nan,nan,0.03789599577430636,0.04631396004697308
context,8000,matched_sparse_hybrid,same_session_overflow,context_success,100,100,1.0,0.9630065017930143,1.0,6849.8,6849.0,6855.0,nan,nan,0.23562500427942723,0.4311812444939278
context,8000,matched_sparse_hybrid,semantic_paraphrase,context_success,100,1,0.01,0.0017674320641406505,0.054486196178705315,388.64,387.5,416.0,nan,nan,0.039874998037703335,0.049412497901357696
context,8000,matched_sparse_hybrid,temporal_update,context_success,100,100,1.0,0.9630065017930143,1.0,524.6,523.0,529.0,nan,nan,0.03862500307150185,0.045404196134768426
context,8000,matched_sparse_hybrid,tool_evidence,context_success,100,100,1.0,0.9630065017930143,1.0,691.0,691.0,691.0,nan,nan,0.03574999573174864,0.05927711317781359
context,8000,raw_recent,ALL,context_success,1100,800,0.7272727272727273,0.7001970174358217,0.7527665816431462,3850.890909090909,91.0,29027.0,nan,nan,0.0,0.0
context,8000,raw_recent,abstention,context_success,100,100,1.0,0.9630065017930143,1.0,91.0,91.0,91.0,nan,nan,0.0,0.0
context,8000,raw_recent,cross_patient_disambiguation,context_success,100,100,1.0,0.9630065017930143,1.0,285.0,285.0,285.0,nan,nan,0.0,0.0
context,8000,raw_recent,cross_session_recall,context_success,100,0,0.0,3.469446951953614e-18,0.03699349820698568,92.0,92.0,92.0,nan,nan,0.0,0.0
context,8000,raw_recent,cross_user_isolation,context_success,300,300,1.0,0.9873570287754538,0.9999999999999998,71.0,71.0,71.0,nan,nan,0.0,0.0
context,8000,raw_recent,memory_prompt_injection,context_success,100,0,0.0,3.469446951953614e-18,0.03699349820698568,67.0,67.0,67.0,nan,nan,0.0,0.0
context,8000,raw_recent,same_session_overflow,context_success,100,100,1.0,0.9630065017930143,1.0,29027.4,29027.0,29030.0,nan,nan,0.0,0.0
context,8000,raw_recent,semantic_paraphrase,context_success,100,0,0.0,3.469446951953614e-18,0.03699349820698568,73.6,73.0,87.0,nan,nan,0.0,0.0
context,8000,raw_recent,temporal_update,context_success,100,100,1.0,0.9630065017930143,1.0,219.8,219.0,222.0,nan,nan,0.0,0.0
context,8000,raw_recent,tool_evidence,context_success,100,100,1.0,0.9630065017930143,1.0,12291.0,12291.0,12291.0,nan,nan,0.0,0.0
context,8000,rrf_hybrid,ALL,context_success,1100,1008,0.9163636363636364,0.8985189978748774,0.9313103156377919,922.9627272727273,323.0,6849.0,nan,nan,3.6054789961781353,5.448896452435291
context,8000,rrf_hybrid,abstention,context_success,100,100,1.0,0.9630065017930143,1.0,322.4,322.0,325.0,nan,nan,4.939208491123281,5.401794388308189
context,8000,rrf_hybrid,cross_patient_disambiguation,context_success,100,100,1.0,0.9630065017930143,1.0,540.0,540.0,540.0,nan,nan,3.624749995651655,5.744241931824944
context,8000,rrf_hybrid,cross_session_recall,context_success,100,8,0.08,0.041093461484380624,0.14998107700948735,386.11,380.0,414.0,nan,nan,4.950229005771689,5.181043465563562
context,8000,rrf_hybrid,cross_user_isolation,context_success,300,300,1.0,0.9873570287754538,0.9999999999999998,71.0,71.0,71.0,nan,nan,0.002416985807940364,0.0038750004023313522
context,8000,rrf_hybrid,memory_prompt_injection,context_success,100,100,1.0,0.9630065017930143,1.0,311.4,311.0,314.0,nan,nan,3.315562498755753,3.9114306593546644
context,8000,rrf_hybrid,same_session_overflow,context_success,100,100,1.0,0.9630065017930143,1.0,6849.8,6849.0,6855.0,nan,nan,3.9089789934223518,5.990687778103165
context,8000,rrf_hybrid,semantic_paraphrase,context_success,100,100,1.0,0.9630065017930143,1.0,314.28,313.0,338.09999999999997,nan,nan,2.8984579839743674,3.127026445872616
context,8000,rrf_hybrid,temporal_update,context_success,100,100,1.0,0.9630065017930143,1.0,524.6,523.0,529.0,nan,nan,5.035937487264164,5.353914266743232
context,8000,rrf_hybrid,tool_evidence,context_success,100,100,1.0,0.9630065017930143,1.0,691.0,691.0,691.0,nan,nan,5.288020518491976,7.106066009146161
context,8000,short_term,ALL,context_success,1100,800,0.7272727272727273,0.7001970174358217,0.7527665816431462,721.1636363636363,91.0,6583.0,nan,nan,0.0,0.0
context,8000,short_term,abstention,context_success,100,100,1.0,0.9630065017930143,1.0,91.0,91.0,91.0,nan,nan,0.0,0.0
context,8000,short_term,cross_patient_disambiguation,context_success,100,100,1.0,0.9630065017930143,1.0,285.0,285.0,285.0,nan,nan,0.0,0.0
context,8000,short_term,cross_session_recall,context_success,100,0,0.0,3.469446951953614e-18,0.03699349820698568,92.0,92.0,92.0,nan,nan,0.0,0.0
context,8000,short_term,cross_user_isolation,context_success,300,300,1.0,0.9873570287754538,0.9999999999999998,71.0,71.0,71.0,nan,nan,0.0,0.0
context,8000,short_term,memory_prompt_injection,context_success,100,0,0.0,3.469446951953614e-18,0.03699349820698568,67.0,67.0,67.0,nan,nan,0.0,0.0
context,8000,short_term,same_session_overflow,context_success,100,100,1.0,0.9630065017930143,1.0,6583.4,6583.0,6586.0,nan,nan,0.0,0.0
context,8000,short_term,semantic_paraphrase,context_success,100,0,0.0,3.469446951953614e-18,0.03699349820698568,73.6,73.0,87.0,nan,nan,0.0,0.0
context,8000,short_term,temporal_update,context_success,100,100,1.0,0.9630065017930143,1.0,219.8,219.0,222.0,nan,nan,0.0,0.0
context,8000,short_term,tool_evidence,context_success,100,100,1.0,0.9630065017930143,1.0,308.0,308.0,308.0,nan,nan,0.0,0.0
context,8000,union_hybrid,ALL,context_success,1100,1003,0.9118181818181819,0.8935959565206003,0.9271740850104898,928.1718181818181,371.0,6849.0,nan,nan,3.5833750007441267,5.45264615502674
context,8000,union_hybrid,abstention,context_success,100,100,1.0,0.9630065017930143,1.0,322.4,322.0,325.0,nan,nan,4.947083492879756,5.287822286481969
context,8000,union_hybrid,cross_patient_disambiguation,context_success,100,100,1.0,0.9630065017930143,1.0,535.0,535.0,535.0,nan,nan,3.619854003773071,5.345876463979947
context,8000,union_hybrid,cross_session_recall,context_success,100,100,1.0,0.9630065017930143,1.0,375.2,375.0,398.0,nan,nan,4.991395995602943,5.485352051618975
context,8000,union_hybrid,cross_user_isolation,context_success,300,300,1.0,0.9873570287754538,0.9999999999999998,71.0,71.0,71.0,nan,nan,0.00231250305660069,0.004170181637164206
context,8000,union_hybrid,memory_prompt_injection,context_success,100,100,1.0,0.9630065017930143,1.0,311.4,311.0,314.0,nan,nan,3.3168119989568368,3.928012799588032
context,8000,union_hybrid,same_session_overflow,context_success,100,100,1.0,0.9630065017930143,1.0,6849.8,6849.0,6855.0,nan,nan,3.8038124912418425,5.824696454510558
context,8000,union_hybrid,semantic_paraphrase,context_success,100,3,0.03,0.010254524024038925,0.0845193642905276,387.49,387.5,416.0,nan,nan,2.9149374895496294,3.195130900712684
context,8000,union_hybrid,temporal_update,context_success,100,100,1.0,0.9630065017930143,1.0,524.6,523.0,529.0,nan,nan,5.038416507886723,5.42088125803275
context,8000,union_hybrid,tool_evidence,context_success,100,100,1.0,0.9630065017930143,1.0,691.0,691.0,691.0,nan,nan,5.277624994050711,7.2049170077661975
context,16000,bm25_hybrid,ALL,context_success,1100,901,0.8190909090909091,0.7952446788509603,0.8407162142559107,1484.17,383.0,13124.0,nan,nan,0.2750415005721152,0.45590625668410206
context,16000,bm25_hybrid,abstention,context_success,100,100,1.0,0.9630065017930143,1.0,91.0,91.0,91.0,nan,nan,0.22095850727055222,0.30542020103894174
context,16000,bm25_hybrid,cross_patient_disambiguation,context_success,100,100,1.0,0.9630065017930143,1.0,535.0,535.0,535.0,nan,nan,0.3228124987799674,0.5995994011755101
context,16000,bm25_hybrid,cross_session_recall,context_success,100,100,1.0,0.9630065017930143,1.0,375.2,375.0,398.0,nan,nan,0.2783954987535253,0.3568274056306109
context,16000,bm25_hybrid,cross_user_isolation,context_success,300,300,1.0,0.9873570287754538,0.9999999999999998,71.0,71.0,71.0,nan,nan,0.25827049103099853,0.37767563626402995
context,16000,bm25_hybrid,memory_prompt_injection,context_success,100,0,0.0,3.469446951953614e-18,0.03699349820698568,383.0,383.0,383.0,nan,nan,0.2868750016205013,0.3943708521546796
context,16000,bm25_hybrid,same_session_overflow,context_success,100,100,1.0,0.9630065017930143,1.0,13124.8,13124.0,13130.0,nan,nan,0.40927100053522736,0.5064267839770764
context,16000,bm25_hybrid,semantic_paraphrase,context_success,100,1,0.01,0.0017674320641406505,0.054486196178705315,388.27,387.0,416.0,nan,nan,0.2732705033849925,0.34175626205978915
context,16000,bm25_hybrid,temporal_update,context_success,100,100,1.0,0.9630065017930143,1.0,524.6,523.0,529.0,nan,nan,0.2571665099821985,0.35901395312976087
context,16000,bm25_hybrid,tool_evidence,context_success,100,100,1.0,0.9630065017930143,1.0,691.0,691.0,691.0,nan,nan,0.2699579927138984,0.3728308904101141
context,16000,bm25_long_term,ALL,context_success,1100,901,0.8190909090909091,0.7952446788509603,0.8407162142559107,268.33363636363634,334.0,469.0,nan,nan,0.2934789954451844,0.4453586603631265
context,16000,bm25_long_term,abstention,context_success,100,100,1.0,0.9630065017930143,1.0,91.0,91.0,91.0,nan,nan,0.24285400286316872,0.32078895164886484
context,16000,bm25_long_term,cross_patient_disambiguation,context_success,100,100,1.0,0.9630065017930143,1.0,313.0,313.0,313.0,nan,nan,0.343312494806014,0.6789770864997989
context,16000,bm25_long_term,cross_session_recall,context_success,100,100,1.0,0.9630065017930143,1.0,375.2,375.0,398.0,nan,nan,0.2971044887090102,0.3895294925314374
context,16000,bm25_long_term,cross_user_isolation,context_success,300,300,1.0,0.9873570287754538,0.9999999999999998,71.0,71.0,71.0,nan,nan,0.2689374960027635,0.36778335634153336
context,16000,bm25_long_term,memory_prompt_injection,context_success,100,0,0.0,3.469446951953614e-18,0.03699349820698568,383.0,383.0,383.0,nan,nan,0.2952705108327791,0.4011687735328451
context,16000,bm25_long_term,same_session_overflow,context_success,100,100,1.0,0.9630065017930143,1.0,334.4,334.0,337.0,nan,nan,0.4148540028836578,0.46716037759324536
context,16000,bm25_long_term,semantic_paraphrase,context_success,100,1,0.01,0.0017674320641406505,0.054486196178705315,388.27,387.0,416.0,nan,nan,0.2998125128215179,0.362906840746291
context,16000,bm25_long_term,temporal_update,context_success,100,100,1.0,0.9630065017930143,1.0,384.8,384.0,387.0,nan,nan,0.277228988124989,0.3606312311603687
context,16000,bm25_long_term,tool_evidence,context_success,100,100,1.0,0.9630065017930143,1.0,469.0,469.0,469.0,nan,nan,0.2968124899780378,0.37125030066818
context,16000,cascade_hybrid,ALL,context_success,1100,1001,0.91,0.8916304814532704,0.9255158512851879,1498.730909090909,371.0,13124.0,nan,nan,3.625063007348217,5.456413081265055
context,16000,cascade_hybrid,abstention,context_success,100,100,1.0,0.9630065017930143,1.0,322.4,322.0,325.0,nan,nan,4.986999498214573,5.563708636327647
context,16000,cascade_hybrid,cross_patient_disambiguation,context_success,100,100,1.0,0.9630065017930143,1.0,535.0,535.0,535.0,nan,nan,3.634916996816173,6.762198239448478
context,16000,cascade_hybrid,cross_session_recall,context_success,100,100,1.0,0.9630065017930143,1.0,375.2,375.0,398.0,nan,nan,4.951874987455085,5.286203854484484
context,16000,cascade_hybrid,cross_user_isolation,context_success,300,300,1.0,0.9873570287754538,0.9999999999999998,71.0,71.0,71.0,nan,nan,0.002207991201430559,0.004043157969135792
context,16000,cascade_hybrid,memory_prompt_injection,context_success,100,100,1.0,0.9630065017930143,1.0,311.4,311.0,314.0,nan,nan,3.4395625116303563,4.142285768466535
context,16000,cascade_hybrid,same_session_overflow,context_success,100,100,1.0,0.9630065017930143,1.0,13124.8,13124.0,13130.0,nan,nan,3.886999504175037,5.745269086037297
context,16000,cascade_hybrid,semantic_paraphrase,context_success,100,1,0.01,0.0017674320641406505,0.054486196178705315,388.64,387.5,416.0,nan,nan,2.942271006759256,3.2156669505639
context,16000,cascade_hybrid,temporal_update,context_success,100,100,1.0,0.9630065017930143,1.0,524.6,523.0,529.0,nan,nan,5.0301040027989075,5.431265218066983
context,16000,cascade_hybrid,tool_evidence,context_success,100,100,1.0,0.9630065017930143,1.0,691.0,691.0,691.0,nan,nan,5.258333490928635,7.280405599158257
context,16000,dense_hybrid,ALL,context_success,1100,1003,0.9118181818181819,0.8935959565206003,0.9271740850104898,1493.4627272727273,323.0,13124.0,nan,nan,3.446083501330577,5.396578552608844
context,16000,dense_hybrid,abstention,context_success,100,100,1.0,0.9630065017930143,1.0,322.4,322.0,325.0,nan,nan,4.898646002402529,5.613957696186844
context,16000,dense_hybrid,cross_patient_disambiguation,context_success,100,100,1.0,0.9630065017930143,1.0,540.0,540.0,540.0,nan,nan,3.4718124952632934,5.867685400880872
context,16000,dense_hybrid,cross_session_recall,context_success,100,3,0.03,0.010254524024038925,0.0845193642905276,386.61,380.0,414.0,nan,nan,4.97868750244379,5.374133642180823
context,16000,dense_hybrid,cross_user_isolation,context_success,300,300,1.0,0.9873570287754538,0.9999999999999998,71.0,71.0,71.0,nan,nan,0.0021669839043170214,0.003670205478556455
context,16000,dense_hybrid,memory_prompt_injection,context_success,100,100,1.0,0.9630065017930143,1.0,311.4,311.0,314.0,nan,nan,3.3423335116822273,3.8821389622171405
context,16000,dense_hybrid,same_session_overflow,context_success,100,100,1.0,0.9630065017930143,1.0,13124.8,13124.0,13130.0,nan,nan,3.676374995848164,5.136762520123739
context,16000,dense_hybrid,semantic_paraphrase,context_success,100,100,1.0,0.9630065017930143,1.0,314.28,313.0,338.09999999999997,nan,nan,2.891124997404404,3.1988020942662843
context,16000,dense_hybrid,temporal_update,context_success,100,100,1.0,0.9630065017930143,1.0,524.6,523.0,529.0,nan,nan,4.978833501809277,5.276626443082932
context,16000,dense_hybrid,tool_evidence,context_success,100,100,1.0,0.9630065017930143,1.0,691.0,691.0,691.0,nan,nan,5.219603990553878,7.233671160065569
context,16000,dense_long_term,ALL,context_success,1100,903,0.8209090909090909,0.7971454540214733,0.8424391478780295,277.62636363636364,318.0,469.0,nan,nan,3.4836039994843304,5.541258341690991
context,16000,dense_long_term,abstention,context_success,100,100,1.0,0.9630065017930143,1.0,322.4,322.0,325.0,nan,nan,4.988458502339199,5.7972458031144924
context,16000,dense_long_term,cross_patient_disambiguation,context_success,100,0,0.0,3.469446951953614e-18,0.03699349820698568,318.0,318.0,318.0,nan,nan,3.5152915079379454,5.789887509308755
context,16000,dense_long_term,cross_session_recall,context_success,100,3,0.03,0.010254524024038925,0.0845193642905276,386.61,380.0,414.0,nan,nan,4.9368124891771,5.5008833660394885
context,16000,dense_long_term,cross_user_isolation,context_success,300,300,1.0,0.9873570287754538,0.9999999999999998,71.0,71.0,71.0,nan,nan,0.002749991836026311,0.004208006430417299
context,16000,dense_long_term,memory_prompt_injection,context_success,100,100,1.0,0.9630065017930143,1.0,311.4,311.0,314.0,nan,nan,3.315291498438455,3.9584205369465053
context,16000,dense_long_term,same_session_overflow,context_success,100,100,1.0,0.9630065017930143,1.0,334.4,334.0,337.0,nan,nan,3.74241650570184,5.280754157865886
context,16000,dense_long_term,semantic_paraphrase,context_success,100,100,1.0,0.9630065017930143,1.0,314.28,313.0,338.09999999999997,nan,nan,2.837208507116884,3.1058848107932135
context,16000,dense_long_term,temporal_update,context_success,100,100,1.0,0.9630065017930143,1.0,384.8,384.0,387.0,nan,nan,4.997312003979459,5.487950665701646
context,16000,dense_long_term,tool_evidence,context_success,100,100,1.0,0.9630065017930143,1.0,469.0,469.0,469.0,nan,nan,5.185478992643766,7.251028862083331
context,16000,fused_hybrid,ALL,context_success,1100,1100,1.0,0.9965199179737294,1.0,1491.9709090909091,323.0,13124.0,nan,nan,3.576854505809024,5.436477107286918
context,16000,fused_hybrid,abstention,context_success,100,100,1.0,0.9630065017930143,1.0,322.4,322.0,325.0,nan,nan,4.962395993061364,5.408483651990536
context,16000,fused_hybrid,cross_patient_disambiguation,context_success,100,100,1.0,0.9630065017930143,1.0,535.0,535.0,535.0,nan,nan,3.6873954959446564,6.926574996032286
context,16000,fused_hybrid,cross_session_recall,context_success,100,100,1.0,0.9630065017930143,1.0,375.2,375.0,398.0,nan,nan,4.9722289986675605,5.34349999652477
context,16000,fused_hybrid,cross_user_isolation,context_success,300,300,1.0,0.9873570287754538,0.9999999999999998,71.0,71.0,71.0,nan,nan,0.002208500518463552,0.004086045373696835
context,16000,fused_hybrid,memory_prompt_injection,context_success,100,100,1.0,0.9630065017930143,1.0,311.4,311.0,314.0,nan,nan,3.296000009868294,3.9387729106238107
context,16000,fused_hybrid,same_session_overflow,context_success,100,100,1.0,0.9630065017930143,1.0,13124.8,13124.0,13130.0,nan,nan,3.8740210002288222,5.424758304434362
context,16000,fused_hybrid,semantic_paraphrase,context_success,100,100,1.0,0.9630065017930143,1.0,314.28,313.0,338.09999999999997,nan,nan,2.8624379920074716,3.17733925912762
context,16000,fused_hybrid,temporal_update,context_success,100,100,1.0,0.9630065017930143,1.0,524.6,523.0,529.0,nan,nan,5.009396496461704,5.4314062421326526
context,16000,fused_hybrid,tool_evidence,context_success,100,100,1.0,0.9630065017930143,1.0,691.0,691.0,691.0,nan,nan,5.252229006146081,6.989560411602724
context,16000,hybrid,ALL,context_success,1100,998,0.9072727272727272,0.888686097611463,0.9230246719380475,1496.1190909090908,369.0,13120.0,nan,nan,0.24089599901344627,0.6423371538403444
context,16000,hybrid,abstention,context_success,100,100,1.0,0.9630065017930143,1.0,318.4,318.0,321.0,nan,nan,0.2397505013504997,0.3085909993387759
context,16000,hybrid,cross_patient_disambiguation,context_success,100,100,1.0,0.9630065017930143,1.0,534.6,535.0,535.0,nan,nan,0.2814164909068495,0.5723808892071247
context,16000,hybrid,cross_session_recall,context_success,100,96,0.96,0.9016292856411208,0.9843366960084523,371.04,371.0,394.0,nan,nan,0.2391875023022294,0.3164791938615963
context,16000,hybrid,cross_user_isolation,context_success,300,300,1.0,0.9873570287754538,0.9999999999999998,71.0,71.0,71.0,nan,nan,0.2139999851351604,0.3218059573555366
context,16000,hybrid,memory_prompt_injection,context_success,100,99,0.99,0.9455138038212946,0.9982325679358593,308.11,307.0,310.0,nan,nan,0.24402100825682282,0.34589346178108826
context,16000,hybrid,same_session_overflow,context_success,100,100,1.0,0.9630065017930143,1.0,13120.8,13120.0,13126.0,nan,nan,0.6419999990612268,0.7069961706292816
context,16000,hybrid,semantic_paraphrase,context_success,100,3,0.03,0.010254524024038925,0.0845193642905276,383.76,383.5,412.0,nan,nan,0.22887499653734267,0.29960655374452466
context,16000,hybrid,temporal_update,context_success,100,100,1.0,0.9630065017930143,1.0,520.6,519.0,525.0,nan,nan,0.22414600243791938,0.2934836666099727
context,16000,hybrid,tool_evidence,context_success,100,100,1.0,0.9630065017930143,1.0,687.0,687.0,687.0,nan,nan,0.27787499129772186,0.3390732381376438
context,16000,latest_only,ALL,context_success,1100,400,0.36363636363636365,0.33572899924392346,0.39249284130869583,75.78181818181818,71.0,92.0,nan,nan,0.0,0.0
context,16000,latest_only,abstention,context_success,100,100,1.0,0.9630065017930143,1.0,91.0,91.0,91.0,nan,nan,0.0,0.0
context,16000,latest_only,cross_patient_disambiguation,context_success,100,0,0.0,3.469446951953614e-18,0.03699349820698568,63.0,63.0,63.0,nan,nan,0.0,0.0
context,16000,latest_only,cross_session_recall,context_success,100,0,0.0,3.469446951953614e-18,0.03699349820698568,92.0,92.0,92.0,nan,nan,0.0,0.0
context,16000,latest_only,cross_user_isolation,context_success,300,300,1.0,0.9873570287754538,0.9999999999999998,71.0,71.0,71.0,nan,nan,0.0,0.0
context,16000,latest_only,memory_prompt_injection,context_success,100,0,0.0,3.469446951953614e-18,0.03699349820698568,67.0,67.0,67.0,nan,nan,0.0,0.0
context,16000,latest_only,same_session_overflow,context_success,100,0,0.0,3.469446951953614e-18,0.03699349820698568,68.0,68.0,68.0,nan,nan,0.0,0.0
context,16000,latest_only,semantic_paraphrase,context_success,100,0,0.0,3.469446951953614e-18,0.03699349820698568,73.6,73.0,87.0,nan,nan,0.0,0.0
context,16000,latest_only,temporal_update,context_success,100,0,0.0,3.469446951953614e-18,0.03699349820698568,80.0,80.0,80.0,nan,nan,0.0,0.0
context,16000,latest_only,tool_evidence,context_success,100,0,0.0,3.469446951953614e-18,0.03699349820698568,86.0,86.0,86.0,nan,nan,0.0,0.0
context,16000,long_term,ALL,context_success,1100,909,0.8263636363636364,0.8028529734863811,0.8476027547910171,280.2827272727273,318.0,465.0,nan,nan,0.2603330067358911,0.6517982619698159
context,16000,long_term,abstention,context_success,100,100,1.0,0.9630065017930143,1.0,318.4,318.0,321.0,nan,nan,0.27043749287258834,0.33697499893605704
context,16000,long_term,cross_patient_disambiguation,context_success,100,11,0.11,0.06254196357064568,0.18631296503080313,312.6,313.0,313.0,nan,nan,0.31543700606562197,0.5463993438752367
context,16000,long_term,cross_session_recall,context_success,100,96,0.96,0.9016292856411208,0.9843366960084523,371.04,371.0,394.0,nan,nan,0.25554200692567974,0.3240791440475732
context,16000,long_term,cross_user_isolation,context_success,300,300,1.0,0.9873570287754538,0.9999999999999998,71.0,71.0,71.0,nan,nan,0.23660399892833084,0.4457669507246469
context,16000,long_term,memory_prompt_injection,context_success,100,99,0.99,0.9455138038212946,0.9982325679358593,308.11,307.0,310.0,nan,nan,0.28347899205982685,0.3679815519717522
context,16000,long_term,same_session_overflow,context_success,100,100,1.0,0.9630065017930143,1.0,330.4,330.0,333.0,nan,nan,0.6447085033869371,0.7268580025993288
context,16000,long_term,semantic_paraphrase,context_success,100,3,0.03,0.010254524024038925,0.0845193642905276,383.76,383.5,412.0,nan,nan,0.2503955038264394,0.3348582831677049
context,16000,long_term,temporal_update,context_success,100,100,1.0,0.9630065017930143,1.0,380.8,380.0,383.0,nan,nan,0.24058301642071456,0.3257604068494402
context,16000,long_term,tool_evidence,context_success,100,100,1.0,0.9630065017930143,1.0,465.0,465.0,465.0,nan,nan,0.280312480754219,0.3827833046671003
context,16000,matched_sparse_hybrid,ALL,context_success,1100,1001,0.91,0.8916304814532704,0.9255158512851879,1498.730909090909,371.0,13124.0,nan,nan,0.035603996366262436,0.23549998877570033
context,16000,matched_sparse_hybrid,abstention,context_success,100,100,1.0,0.9630065017930143,1.0,322.4,322.0,325.0,nan,nan,0.028353999368846416,0.03579825715860352
context,16000,matched_sparse_hybrid,cross_patient_disambiguation,context_success,100,100,1.0,0.9630065017930143,1.0,535.0,535.0,535.0,nan,nan,0.04595798964146525,0.08027919830055906
context,16000,matched_sparse_hybrid,cross_session_recall,context_success,100,100,1.0,0.9630065017930143,1.0,375.2,375.0,398.0,nan,nan,0.04585400165524334,0.05079936527181417
context,16000,matched_sparse_hybrid,cross_user_isolation,context_success,300,300,1.0,0.9873570287754538,0.9999999999999998,71.0,71.0,71.0,nan,nan,0.0019170111045241356,0.0042101062717847535
context,16000,matched_sparse_hybrid,memory_prompt_injection,context_success,100,100,1.0,0.9630065017930143,1.0,311.4,311.0,314.0,nan,nan,0.03710399323608726,0.04479969502426683
context,16000,matched_sparse_hybrid,same_session_overflow,context_success,100,100,1.0,0.9630065017930143,1.0,13124.8,13124.0,13130.0,nan,nan,0.23597950348630548,0.4277041458408348
context,16000,matched_sparse_hybrid,semantic_paraphrase,context_success,100,1,0.01,0.0017674320641406505,0.054486196178705315,388.64,387.5,416.0,nan,nan,0.038416997995227575,0.04601729451678693
context,16000,matched_sparse_hybrid,temporal_update,context_success,100,100,1.0,0.9630065017930143,1.0,524.6,523.0,529.0,nan,nan,0.03737499355338514,0.045922900608275086
context,16000,matched_sparse_hybrid,tool_evidence,context_success,100,100,1.0,0.9630065017930143,1.0,691.0,691.0,691.0,nan,nan,0.03652098530437797,0.059858933673240244
context,16000,raw_recent,ALL,context_success,1100,800,0.7272727272727273,0.7001970174358217,0.7527665816431462,3850.890909090909,91.0,29027.0,nan,nan,0.0,0.0
context,16000,raw_recent,abstention,context_success,100,100,1.0,0.9630065017930143,1.0,91.0,91.0,91.0,nan,nan,0.0,0.0
context,16000,raw_recent,cross_patient_disambiguation,context_success,100,100,1.0,0.9630065017930143,1.0,285.0,285.0,285.0,nan,nan,0.0,0.0
context,16000,raw_recent,cross_session_recall,context_success,100,0,0.0,3.469446951953614e-18,0.03699349820698568,92.0,92.0,92.0,nan,nan,0.0,0.0
context,16000,raw_recent,cross_user_isolation,context_success,300,300,1.0,0.9873570287754538,0.9999999999999998,71.0,71.0,71.0,nan,nan,0.0,0.0
context,16000,raw_recent,memory_prompt_injection,context_success,100,0,0.0,3.469446951953614e-18,0.03699349820698568,67.0,67.0,67.0,nan,nan,0.0,0.0
context,16000,raw_recent,same_session_overflow,context_success,100,100,1.0,0.9630065017930143,1.0,29027.4,29027.0,29030.0,nan,nan,0.0,0.0
context,16000,raw_recent,semantic_paraphrase,context_success,100,0,0.0,3.469446951953614e-18,0.03699349820698568,73.6,73.0,87.0,nan,nan,0.0,0.0
context,16000,raw_recent,temporal_update,context_success,100,100,1.0,0.9630065017930143,1.0,219.8,219.0,222.0,nan,nan,0.0,0.0
context,16000,raw_recent,tool_evidence,context_success,100,100,1.0,0.9630065017930143,1.0,12291.0,12291.0,12291.0,nan,nan,0.0,0.0
context,16000,rrf_hybrid,ALL,context_success,1100,1008,0.9163636363636364,0.8985189978748774,0.9313103156377919,1493.4172727272728,323.0,13124.0,nan,nan,3.6172289837850258,5.475601734360679
context,16000,rrf_hybrid,abstention,context_success,100,100,1.0,0.9630065017930143,1.0,322.4,322.0,325.0,nan,nan,4.953333511366509,5.4250854038400576
context,16000,rrf_hybrid,cross_patient_disambiguation,context_success,100,100,1.0,0.9630065017930143,1.0,540.0,540.0,540.0,nan,nan,3.646875004051253,6.1698318357230155
context,16000,rrf_hybrid,cross_session_recall,context_success,100,8,0.08,0.041093461484380624,0.14998107700948735,386.11,380.0,414.0,nan,nan,4.9932495021494105,5.282370853819884
context,16000,rrf_hybrid,cross_user_isolation,context_success,300,300,1.0,0.9873570287754538,0.9999999999999998,71.0,71.0,71.0,nan,nan,0.0023750035325065255,0.0042101062717847535
context,16000,rrf_hybrid,memory_prompt_injection,context_success,100,100,1.0,0.9630065017930143,1.0,311.4,311.0,314.0,nan,nan,3.4981454955413938,4.028681275667623
context,16000,rrf_hybrid,same_session_overflow,context_success,100,100,1.0,0.9630065017930143,1.0,13124.8,13124.0,13130.0,nan,nan,3.9046664896886796,4.963997888262382
context,16000,rrf_hybrid,semantic_paraphrase,context_success,100,100,1.0,0.9630065017930143,1.0,314.28,313.0,338.09999999999997,nan,nan,2.9257709975354373,3.182498550449963
context,16000,rrf_hybrid,temporal_update,context_success,100,100,1.0,0.9630065017930143,1.0,524.6,523.0,529.0,nan,nan,5.01747899397742,5.338568089064211
context,16000,rrf_hybrid,tool_evidence,context_success,100,100,1.0,0.9630065017930143,1.0,691.0,691.0,691.0,nan,nan,5.258374512777664,7.242482996662147
context,16000,short_term,ALL,context_success,1100,800,0.7272727272727273,0.7001970174358217,0.7527665816431462,1291.6181818181817,91.0,12858.0,nan,nan,0.0,0.0
context,16000,short_term,abstention,context_success,100,100,1.0,0.9630065017930143,1.0,91.0,91.0,91.0,nan,nan,0.0,0.0
context,16000,short_term,cross_patient_disambiguation,context_success,100,100,1.0,0.9630065017930143,1.0,285.0,285.0,285.0,nan,nan,0.0,0.0
context,16000,short_term,cross_session_recall,context_success,100,0,0.0,3.469446951953614e-18,0.03699349820698568,92.0,92.0,92.0,nan,nan,0.0,0.0
context,16000,short_term,cross_user_isolation,context_success,300,300,1.0,0.9873570287754538,0.9999999999999998,71.0,71.0,71.0,nan,nan,0.0,0.0
context,16000,short_term,memory_prompt_injection,context_success,100,0,0.0,3.469446951953614e-18,0.03699349820698568,67.0,67.0,67.0,nan,nan,0.0,0.0
context,16000,short_term,same_session_overflow,context_success,100,100,1.0,0.9630065017930143,1.0,12858.4,12858.0,12861.0,nan,nan,0.0,0.0
context,16000,short_term,semantic_paraphrase,context_success,100,0,0.0,3.469446951953614e-18,0.03699349820698568,73.6,73.0,87.0,nan,nan,0.0,0.0
context,16000,short_term,temporal_update,context_success,100,100,1.0,0.9630065017930143,1.0,219.8,219.0,222.0,nan,nan,0.0,0.0
context,16000,short_term,tool_evidence,context_success,100,100,1.0,0.9630065017930143,1.0,308.0,308.0,308.0,nan,nan,0.0,0.0
context,16000,union_hybrid,ALL,context_success,1100,1003,0.9118181818181819,0.8935959565206003,0.9271740850104898,1498.6263636363637,371.0,13124.0,nan,nan,3.6221250047674403,5.508271149301436
context,16000,union_hybrid,abstention,context_success,100,100,1.0,0.9630065017930143,1.0,322.4,322.0,325.0,nan,nan,4.879520507529378,5.30340829573106
context,16000,union_hybrid,cross_patient_disambiguation,context_success,100,100,1.0,0.9630065017930143,1.0,535.0,535.0,535.0,nan,nan,3.6063129955437034,6.977236051170619
context,16000,union_hybrid,cross_session_recall,context_success,100,100,1.0,0.9630065017930143,1.0,375.2,375.0,398.0,nan,nan,4.95933300408069,5.321370481397025
context,16000,union_hybrid,cross_user_isolation,context_success,300,300,1.0,0.9873570287754538,0.9999999999999998,71.0,71.0,71.0,nan,nan,0.0022909953258931637,0.004591331526171418
context,16000,union_hybrid,memory_prompt_injection,context_success,100,100,1.0,0.9630065017930143,1.0,311.4,311.0,314.0,nan,nan,3.415562503505498,4.053725000994746
context,16000,union_hybrid,same_session_overflow,context_success,100,100,1.0,0.9630065017930143,1.0,13124.8,13124.0,13130.0,nan,nan,3.929666490876116,5.78861040994525
context,16000,union_hybrid,semantic_paraphrase,context_success,100,3,0.03,0.010254524024038925,0.0845193642905276,387.49,387.5,416.0,nan,nan,2.901479005231522,3.1739520389237437
context,16000,union_hybrid,temporal_update,context_success,100,100,1.0,0.9630065017930143,1.0,524.6,523.0,529.0,nan,nan,5.03185398702044,5.419951802468859
context,16000,union_hybrid,tool_evidence,context_success,100,100,1.0,0.9630065017930143,1.0,691.0,691.0,691.0,nan,nan,5.287770996801555,7.480170193593949
context,24000,bm25_hybrid,ALL,context_success,1100,901,0.8190909090909091,0.7952446788509603,0.8407162142559107,2168.7154545454546,383.0,20654.0,nan,nan,0.2766459947451949,0.5616372000076807
context,24000,bm25_hybrid,abstention,context_success,100,100,1.0,0.9630065017930143,1.0,91.0,91.0,91.0,nan,nan,0.2186880010413006,0.2848996897228062
context,24000,bm25_hybrid,cross_patient_disambiguation,context_success,100,100,1.0,0.9630065017930143,1.0,535.0,535.0,535.0,nan,nan,0.33047900069504976,0.639041060640011
context,24000,bm25_hybrid,cross_session_recall,context_success,100,100,1.0,0.9630065017930143,1.0,375.2,375.0,398.0,nan,nan,0.29425049433484674,0.38598060637013987
context,24000,bm25_hybrid,cross_user_isolation,context_success,300,300,1.0,0.9873570287754538,0.9999999999999998,71.0,71.0,71.0,nan,nan,0.2524585142964497,0.3611645850469358
context,24000,bm25_hybrid,memory_prompt_injection,context_success,100,0,0.0,3.469446951953614e-18,0.03699349820698568,383.0,383.0,383.0,nan,nan,0.2807500131893903,0.4008017494925298
context,24000,bm25_hybrid,same_session_overflow,context_success,100,100,1.0,0.9630065017930143,1.0,20654.8,20654.0,20660.0,nan,nan,0.41027100814972073,0.47381074546137825
context,24000,bm25_hybrid,semantic_paraphrase,context_success,100,1,0.01,0.0017674320641406505,0.054486196178705315,388.27,387.0,416.0,nan,nan,0.3312500048195943,1.1349267500918359
context,24000,bm25_hybrid,temporal_update,context_success,100,100,1.0,0.9630065017930143,1.0,524.6,523.0,529.0,nan,nan,0.25414601259399205,0.3416431616642512
context,24000,bm25_hybrid,tool_evidence,context_success,100,100,1.0,0.9630065017930143,1.0,691.0,691.0,691.0,nan,nan,0.26831198192667216,0.35995240177726373
context,24000,bm25_long_term,ALL,context_success,1100,901,0.8190909090909091,0.7952446788509603,0.8407162142559107,268.33363636363634,334.0,469.0,nan,nan,0.29281250317581,0.43857437703991303
context,24000,bm25_long_term,abstention,context_success,100,100,1.0,0.9630065017930143,1.0,91.0,91.0,91.0,nan,nan,0.2397290081717074,0.2975395953399129
context,24000,bm25_long_term,cross_patient_disambiguation,context_success,100,100,1.0,0.9630065017930143,1.0,313.0,313.0,313.0,nan,nan,0.3651040024124086,0.6613000208744779
context,24000,bm25_long_term,cross_session_recall,context_success,100,100,1.0,0.9630065017930143,1.0,375.2,375.0,398.0,nan,nan,0.29814599838573486,0.37615173787344247
context,24000,bm25_long_term,cross_user_isolation,context_success,300,300,1.0,0.9873570287754538,0.9999999999999998,71.0,71.0,71.0,nan,nan,0.2653130068210885,0.39198511512950074
context,24000,bm25_long_term,memory_prompt_injection,context_success,100,0,0.0,3.469446951953614e-18,0.03699349820698568,383.0,383.0,383.0,nan,nan,0.2902289998019114,0.40409729845123366
context,24000,bm25_long_term,same_session_overflow,context_success,100,100,1.0,0.9630065017930143,1.0,334.4,334.0,337.0,nan,nan,0.41527098801452667,0.48736520111560816
context,24000,bm25_long_term,semantic_paraphrase,context_success,100,1,0.01,0.0017674320641406505,0.054486196178705315,388.27,387.0,416.0,nan,nan,0.29999999969732016,0.3753104247152805
context,24000,bm25_long_term,temporal_update,context_success,100,100,1.0,0.9630065017930143,1.0,384.8,384.0,387.0,nan,nan,0.2772084844764322,0.3647187608294189
context,24000,bm25_long_term,tool_evidence,context_success,100,100,1.0,0.9630065017930143,1.0,469.0,469.0,469.0,nan,nan,0.3071670071221888,0.36621669423766434
context,24000,cascade_hybrid,ALL,context_success,1100,1001,0.91,0.8916304814532704,0.9255158512851879,2183.276363636364,371.0,20654.0,nan,nan,3.635916509665549,5.423799995332956
context,24000,cascade_hybrid,abstention,context_success,100,100,1.0,0.9630065017930143,1.0,322.4,322.0,325.0,nan,nan,4.955562500981614,5.2596333509427495
context,24000,cascade_hybrid,cross_patient_disambiguation,context_success,100,100,1.0,0.9630065017930143,1.0,535.0,535.0,535.0,nan,nan,3.7242919934215024,6.40339199453592
context,24000,cascade_hybrid,cross_session_recall,context_success,100,100,1.0,0.9630065017930143,1.0,375.2,375.0,398.0,nan,nan,4.957229000865482,5.300570843974128
context,24000,cascade_hybrid,cross_user_isolation,context_success,300,300,1.0,0.9873570287754538,0.9999999999999998,71.0,71.0,71.0,nan,nan,0.002145505277439952,0.0037520992918871347
context,24000,cascade_hybrid,memory_prompt_injection,context_success,100,100,1.0,0.9630065017930143,1.0,311.4,311.0,314.0,nan,nan,3.4842080058297142,3.9268083506613034
context,24000,cascade_hybrid,same_session_overflow,context_success,100,100,1.0,0.9630065017930143,1.0,20654.8,20654.0,20660.0,nan,nan,3.8901459920452908,5.8298559102695435
context,24000,cascade_hybrid,semantic_paraphrase,context_success,100,1,0.01,0.0017674320641406505,0.054486196178705315,388.64,387.5,416.0,nan,nan,2.8867914952570572,3.151450013683643
context,24000,cascade_hybrid,temporal_update,context_success,100,100,1.0,0.9630065017930143,1.0,524.6,523.0,529.0,nan,nan,5.045583500759676,5.473437510954682
context,24000,cascade_hybrid,tool_evidence,context_success,100,100,1.0,0.9630065017930143,1.0,691.0,691.0,691.0,nan,nan,5.226750014116988,7.171305950032547
context,24000,dense_hybrid,ALL,context_success,1100,1003,0.9118181818181819,0.8935959565206003,0.9271740850104898,2178.008181818182,323.0,20654.0,nan,nan,3.4079784963978454,5.468949994246941
context,24000,dense_hybrid,abstention,context_success,100,100,1.0,0.9630065017930143,1.0,322.4,322.0,325.0,nan,nan,4.913542012218386,5.4427243463578625
context,24000,dense_hybrid,cross_patient_disambiguation,context_success,100,100,1.0,0.9630065017930143,1.0,540.0,540.0,540.0,nan,nan,3.4968750114785507,6.005954809370451
context,24000,dense_hybrid,cross_session_recall,context_success,100,3,0.03,0.010254524024038925,0.0845193642905276,386.61,380.0,414.0,nan,nan,4.938333004247397,5.2364764487720095
context,24000,dense_hybrid,cross_user_isolation,context_success,300,300,1.0,0.9873570287754538,0.9999999999999998,71.0,71.0,71.0,nan,nan,0.002207991201430559,0.0038750004023313522
context,24000,dense_hybrid,memory_prompt_injection,context_success,100,100,1.0,0.9630065017930143,1.0,311.4,311.0,314.0,nan,nan,3.282499499619007,4.041421500733122
context,24000,dense_hybrid,same_session_overflow,context_success,100,100,1.0,0.9630065017930143,1.0,20654.8,20654.0,20660.0,nan,nan,3.6757710040546954,5.425685126101598
context,24000,dense_hybrid,semantic_paraphrase,context_success,100,100,1.0,0.9630065017930143,1.0,314.28,313.0,338.09999999999997,nan,nan,2.896562495152466,3.1193419941700995
context,24000,dense_hybrid,temporal_update,context_success,100,100,1.0,0.9630065017930143,1.0,524.6,523.0,529.0,nan,nan,5.004541511880234,5.2576642570784315
context,24000,dense_hybrid,tool_evidence,context_success,100,100,1.0,0.9630065017930143,1.0,691.0,691.0,691.0,nan,nan,5.2639584901044145,7.14294969511684
context,24000,dense_long_term,ALL,context_success,1100,903,0.8209090909090909,0.7971454540214733,0.8424391478780295,277.62636363636364,318.0,469.0,nan,nan,3.441646011197008,5.453922601009253
context,24000,dense_long_term,abstention,context_success,100,100,1.0,0.9630065017930143,1.0,322.4,322.0,325.0,nan,nan,4.957270502927713,5.523229163372889
context,24000,dense_long_term,cross_patient_disambiguation,context_success,100,0,0.0,3.469446951953614e-18,0.03699349820698568,318.0,318.0,318.0,nan,nan,3.5325630014995113,6.343689539062324
context,24000,dense_long_term,cross_session_recall,context_success,100,3,0.03,0.010254524024038925,0.0845193642905276,386.61,380.0,414.0,nan,nan,4.9476040148874745,5.44207950879354
context,24000,dense_long_term,cross_user_isolation,context_success,300,300,1.0,0.9873570287754538,0.9999999999999998,71.0,71.0,71.0,nan,nan,0.0027080095605924726,0.004083995008841157
context,24000,dense_long_term,memory_prompt_injection,context_success,100,100,1.0,0.9630065017930143,1.0,311.4,311.0,314.0,nan,nan,3.26456299808342,4.137351755343842
context,24000,dense_long_term,same_session_overflow,context_success,100,100,1.0,0.9630065017930143,1.0,334.4,334.0,337.0,nan,nan,3.727999996044673,4.289445196627638
context,24000,dense_long_term,semantic_paraphrase,context_success,100,100,1.0,0.9630065017930143,1.0,314.28,313.0,338.09999999999997,nan,nan,2.856770996004343,3.075968452321831
context,24000,dense_long_term,temporal_update,context_success,100,100,1.0,0.9630065017930143,1.0,384.8,384.0,387.0,nan,nan,4.979041506885551,5.5530812533106655
context,24000,dense_long_term,tool_evidence,context_success,100,100,1.0,0.9630065017930143,1.0,469.0,469.0,469.0,nan,nan,5.181832995731384,6.0817170087830155
context,24000,fused_hybrid,ALL,context_success,1100,1100,1.0,0.9965199179737294,1.0,2176.5163636363636,323.0,20654.0,nan,nan,3.6355625052237883,5.436827083758544
context,24000,fused_hybrid,abstention,context_success,100,100,1.0,0.9630065017930143,1.0,322.4,322.0,325.0,nan,nan,4.977583506843075,5.368141960934735
context,24000,fused_hybrid,cross_patient_disambiguation,context_success,100,100,1.0,0.9630065017930143,1.0,535.0,535.0,535.0,nan,nan,3.622458520112559,5.922518446459435
context,24000,fused_hybrid,cross_session_recall,context_success,100,100,1.0,0.9630065017930143,1.0,375.2,375.0,398.0,nan,nan,4.953583003953099,5.367027418105863
context,24000,fused_hybrid,cross_user_isolation,context_success,300,300,1.0,0.9873570287754538,0.9999999999999998,71.0,71.0,71.0,nan,nan,0.002207991201430559,0.004212127532809974
context,24000,fused_hybrid,memory_prompt_injection,context_success,100,100,1.0,0.9630065017930143,1.0,311.4,311.0,314.0,nan,nan,3.536458490998484,4.221237498859408
context,24000,fused_hybrid,same_session_overflow,context_success,100,100,1.0,0.9630065017930143,1.0,20654.8,20654.0,20660.0,nan,nan,3.8611460040556267,5.566556620760821
context,24000,fused_hybrid,semantic_paraphrase,context_success,100,100,1.0,0.9630065017930143,1.0,314.28,313.0,338.09999999999997,nan,nan,2.8786045004380867,3.2160771064809524
context,24000,fused_hybrid,temporal_update,context_success,100,100,1.0,0.9630065017930143,1.0,524.6,523.0,529.0,nan,nan,5.016062510549091,5.376395491475705
context,24000,fused_hybrid,tool_evidence,context_success,100,100,1.0,0.9630065017930143,1.0,691.0,691.0,691.0,nan,nan,5.212333504459821,7.057095199706964
context,24000,hybrid,ALL,context_success,1100,998,0.9072727272727272,0.888686097611463,0.9230246719380475,2180.6645454545455,369.0,20650.0,nan,nan,0.23914552002679557,0.64412980718771
context,24000,hybrid,abstention,context_success,100,100,1.0,0.9630065017930143,1.0,318.4,318.0,321.0,nan,nan,0.24131301324814558,0.28107291145715857
context,24000,hybrid,cross_patient_disambiguation,context_success,100,100,1.0,0.9630065017930143,1.0,534.6,535.0,535.0,nan,nan,0.28260398539714515,0.6097750112530775
context,24000,hybrid,cross_session_recall,context_success,100,96,0.96,0.9016292856411208,0.9843366960084523,371.04,371.0,394.0,nan,nan,0.23925000277813524,0.3107277487288229
context,24000,hybrid,cross_user_isolation,context_success,300,300,1.0,0.9873570287754538,0.9999999999999998,71.0,71.0,71.0,nan,nan,0.21833300706930459,0.306510079826694
context,24000,hybrid,memory_prompt_injection,context_success,100,99,0.99,0.9455138038212946,0.9982325679358593,308.11,307.0,310.0,nan,nan,0.24906249018386006,0.3472770447842777
context,24000,hybrid,same_session_overflow,context_success,100,100,1.0,0.9630065017930143,1.0,20650.8,20650.0,20656.0,nan,nan,0.6457495037466288,0.7338910043472424
context,24000,hybrid,semantic_paraphrase,context_success,100,3,0.03,0.010254524024038925,0.0845193642905276,383.76,383.5,412.0,nan,nan,0.22918700415175408,0.2993193513248116
context,24000,hybrid,temporal_update,context_success,100,100,1.0,0.9630065017930143,1.0,520.6,519.0,525.0,nan,nan,0.22272950445767492,0.30542709719156846
context,24000,hybrid,tool_evidence,context_success,100,100,1.0,0.9630065017930143,1.0,687.0,687.0,687.0,nan,nan,0.2789584978017956,0.340110101387836
context,24000,latest_only,ALL,context_success,1100,400,0.36363636363636365,0.33572899924392346,0.39249284130869583,75.78181818181818,71.0,92.0,nan,nan,0.0,0.0
context,24000,latest_only,abstention,context_success,100,100,1.0,0.9630065017930143,1.0,91.0,91.0,91.0,nan,nan,0.0,0.0
context,24000,latest_only,cross_patient_disambiguation,context_success,100,0,0.0,3.469446951953614e-18,0.03699349820698568,63.0,63.0,63.0,nan,nan,0.0,0.0
context,24000,latest_only,cross_session_recall,context_success,100,0,0.0,3.469446951953614e-18,0.03699349820698568,92.0,92.0,92.0,nan,nan,0.0,0.0
context,24000,latest_only,cross_user_isolation,context_success,300,300,1.0,0.9873570287754538,0.9999999999999998,71.0,71.0,71.0,nan,nan,0.0,0.0
context,24000,latest_only,memory_prompt_injection,context_success,100,0,0.0,3.469446951953614e-18,0.03699349820698568,67.0,67.0,67.0,nan,nan,0.0,0.0
context,24000,latest_only,same_session_overflow,context_success,100,0,0.0,3.469446951953614e-18,0.03699349820698568,68.0,68.0,68.0,nan,nan,0.0,0.0
context,24000,latest_only,semantic_paraphrase,context_success,100,0,0.0,3.469446951953614e-18,0.03699349820698568,73.6,73.0,87.0,nan,nan,0.0,0.0
context,24000,latest_only,temporal_update,context_success,100,0,0.0,3.469446951953614e-18,0.03699349820698568,80.0,80.0,80.0,nan,nan,0.0,0.0
context,24000,latest_only,tool_evidence,context_success,100,0,0.0,3.469446951953614e-18,0.03699349820698568,86.0,86.0,86.0,nan,nan,0.0,0.0
context,24000,long_term,ALL,context_success,1100,909,0.8263636363636364,0.8028529734863811,0.8476027547910171,280.2827272727273,318.0,465.0,nan,nan,0.2612704847706482,0.6566687443410046
context,24000,long_term,abstention,context_success,100,100,1.0,0.9630065017930143,1.0,318.4,318.0,321.0,nan,nan,0.26893751055467874,0.31940147018758575
context,24000,long_term,cross_patient_disambiguation,context_success,100,11,0.11,0.06254196357064568,0.18631296503080313,312.6,313.0,313.0,nan,nan,0.31031300022732466,0.6838815403170883
context,24000,long_term,cross_session_recall,context_success,100,96,0.96,0.9016292856411208,0.9843366960084523,371.04,371.0,394.0,nan,nan,0.2526044991100207,0.33093988458858803
context,24000,long_term,cross_user_isolation,context_success,300,300,1.0,0.9873570287754538,0.9999999999999998,71.0,71.0,71.0,nan,nan,0.23068748123478144,0.3235222451621667
context,24000,long_term,memory_prompt_injection,context_success,100,99,0.99,0.9455138038212946,0.9982325679358593,308.11,307.0,310.0,nan,nan,0.28597899654414505,0.38258924323599774
context,24000,long_term,same_session_overflow,context_success,100,100,1.0,0.9630065017930143,1.0,330.4,330.0,333.0,nan,nan,0.6526454963022843,0.7237142606754787
context,24000,long_term,semantic_paraphrase,context_success,100,3,0.03,0.010254524024038925,0.0845193642905276,383.76,383.5,412.0,nan,nan,0.2555419923737645,0.32729309605201706
context,24000,long_term,temporal_update,context_success,100,100,1.0,0.9630065017930143,1.0,380.8,380.0,383.0,nan,nan,0.2458955132169649,0.330791984742973
context,24000,long_term,tool_evidence,context_success,100,100,1.0,0.9630065017930143,1.0,465.0,465.0,465.0,nan,nan,0.29520799580495805,0.42429018067196006
context,24000,matched_sparse_hybrid,ALL,context_success,1100,1001,0.91,0.8916304814532704,0.9255158512851879,2183.276363636364,371.0,20654.0,nan,nan,0.03520799509715289,0.2358211655518971
context,24000,matched_sparse_hybrid,abstention,context_success,100,100,1.0,0.9630065017930143,1.0,322.4,322.0,325.0,nan,nan,0.028520997148007154,0.03542530466802418
context,24000,matched_sparse_hybrid,cross_patient_disambiguation,context_success,100,100,1.0,0.9630065017930143,1.0,535.0,535.0,535.0,nan,nan,0.04520850779954344,0.07146903808461502
context,24000,matched_sparse_hybrid,cross_session_recall,context_success,100,100,1.0,0.9630065017930143,1.0,375.2,375.0,398.0,nan,nan,0.0457915011793375,0.050641655980143696
context,24000,matched_sparse_hybrid,cross_user_isolation,context_success,300,300,1.0,0.9873570287754538,0.9999999999999998,71.0,71.0,71.0,nan,nan,0.0019374856492504478,0.0037080520996823907
context,24000,matched_sparse_hybrid,memory_prompt_injection,context_success,100,100,1.0,0.9630065017930143,1.0,311.4,311.0,314.0,nan,nan,0.03610401472542435,0.04584789858199655
context,24000,matched_sparse_hybrid,same_session_overflow,context_success,100,100,1.0,0.9630065017930143,1.0,20654.8,20654.0,20660.0,nan,nan,0.23685449559707195,0.4183045093668625
context,24000,matched_sparse_hybrid,semantic_paraphrase,context_success,100,1,0.01,0.0017674320641406505,0.054486196178705315,388.64,387.5,416.0,nan,nan,0.03945850767195225,0.045586070336867124
context,24000,matched_sparse_hybrid,temporal_update,context_success,100,100,1.0,0.9630065017930143,1.0,524.6,523.0,529.0,nan,nan,0.03718699736054987,0.044883371447212994
context,24000,matched_sparse_hybrid,tool_evidence,context_success,100,100,1.0,0.9630065017930143,1.0,691.0,691.0,691.0,nan,nan,0.03687500429805368,0.05859855154994875
context,24000,raw_recent,ALL,context_success,1100,800,0.7272727272727273,0.7001970174358217,0.7527665816431462,3850.890909090909,91.0,29027.0,nan,nan,0.0,0.0
context,24000,raw_recent,abstention,context_success,100,100,1.0,0.9630065017930143,1.0,91.0,91.0,91.0,nan,nan,0.0,0.0
context,24000,raw_recent,cross_patient_disambiguation,context_success,100,100,1.0,0.9630065017930143,1.0,285.0,285.0,285.0,nan,nan,0.0,0.0
context,24000,raw_recent,cross_session_recall,context_success,100,0,0.0,3.469446951953614e-18,0.03699349820698568,92.0,92.0,92.0,nan,nan,0.0,0.0
context,24000,raw_recent,cross_user_isolation,context_success,300,300,1.0,0.9873570287754538,0.9999999999999998,71.0,71.0,71.0,nan,nan,0.0,0.0
context,24000,raw_recent,memory_prompt_injection,context_success,100,0,0.0,3.469446951953614e-18,0.03699349820698568,67.0,67.0,67.0,nan,nan,0.0,0.0
context,24000,raw_recent,same_session_overflow,context_success,100,100,1.0,0.9630065017930143,1.0,29027.4,29027.0,29030.0,nan,nan,0.0,0.0
context,24000,raw_recent,semantic_paraphrase,context_success,100,0,0.0,3.469446951953614e-18,0.03699349820698568,73.6,73.0,87.0,nan,nan,0.0,0.0
context,24000,raw_recent,temporal_update,context_success,100,100,1.0,0.9630065017930143,1.0,219.8,219.0,222.0,nan,nan,0.0,0.0
context,24000,raw_recent,tool_evidence,context_success,100,100,1.0,0.9630065017930143,1.0,12291.0,12291.0,12291.0,nan,nan,0.0,0.0
context,24000,rrf_hybrid,ALL,context_success,1100,1008,0.9163636363636364,0.8985189978748774,0.9313103156377919,2177.962727272727,323.0,20654.0,nan,nan,3.597561997594312,5.409098546078894
context,24000,rrf_hybrid,abstention,context_success,100,100,1.0,0.9630065017930143,1.0,322.4,322.0,325.0,nan,nan,4.917499507428147,5.280262511223555
context,24000,rrf_hybrid,cross_patient_disambiguation,context_success,100,100,1.0,0.9630065017930143,1.0,540.0,540.0,540.0,nan,nan,3.602937504183501,5.9351409872761
context,24000,rrf_hybrid,cross_session_recall,context_success,100,8,0.08,0.041093461484380624,0.14998107700948735,386.11,380.0,414.0,nan,nan,4.969687506672926,5.3583627901389255
context,24000,rrf_hybrid,cross_user_isolation,context_success,300,300,1.0,0.9873570287754538,0.9999999999999998,71.0,71.0,71.0,nan,nan,0.0024170149117708206,0.0040830549551174045
context,24000,rrf_hybrid,memory_prompt_injection,context_success,100,100,1.0,0.9630065017930143,1.0,311.4,311.0,314.0,nan,nan,3.3940624998649582,4.107216330885421
context,24000,rrf_hybrid,same_session_overflow,context_success,100,100,1.0,0.9630065017930143,1.0,20654.8,20654.0,20660.0,nan,nan,3.93681249988731,5.680410396598745
context,24000,rrf_hybrid,semantic_paraphrase,context_success,100,100,1.0,0.9630065017930143,1.0,314.28,313.0,338.09999999999997,nan,nan,2.9078125080559403,3.1766142463311553
context,24000,rrf_hybrid,temporal_update,context_success,100,100,1.0,0.9630065017930143,1.0,524.6,523.0,529.0,nan,nan,5.008687483496033,5.261631548637524
context,24000,rrf_hybrid,tool_evidence,context_success,100,100,1.0,0.9630065017930143,1.0,691.0,691.0,691.0,nan,nan,5.27906249044463,7.384589263529051
context,24000,short_term,ALL,context_success,1100,800,0.7272727272727273,0.7001970174358217,0.7527665816431462,1976.1636363636364,91.0,20388.0,nan,nan,0.0,0.0
context,24000,short_term,abstention,context_success,100,100,1.0,0.9630065017930143,1.0,91.0,91.0,91.0,nan,nan,0.0,0.0
context,24000,short_term,cross_patient_disambiguation,context_success,100,100,1.0,0.9630065017930143,1.0,285.0,285.0,285.0,nan,nan,0.0,0.0
context,24000,short_term,cross_session_recall,context_success,100,0,0.0,3.469446951953614e-18,0.03699349820698568,92.0,92.0,92.0,nan,nan,0.0,0.0
context,24000,short_term,cross_user_isolation,context_success,300,300,1.0,0.9873570287754538,0.9999999999999998,71.0,71.0,71.0,nan,nan,0.0,0.0
context,24000,short_term,memory_prompt_injection,context_success,100,0,0.0,3.469446951953614e-18,0.03699349820698568,67.0,67.0,67.0,nan,nan,0.0,0.0
context,24000,short_term,same_session_overflow,context_success,100,100,1.0,0.9630065017930143,1.0,20388.4,20388.0,20391.0,nan,nan,0.0,0.0
context,24000,short_term,semantic_paraphrase,context_success,100,0,0.0,3.469446951953614e-18,0.03699349820698568,73.6,73.0,87.0,nan,nan,0.0,0.0
context,24000,short_term,temporal_update,context_success,100,100,1.0,0.9630065017930143,1.0,219.8,219.0,222.0,nan,nan,0.0,0.0
context,24000,short_term,tool_evidence,context_success,100,100,1.0,0.9630065017930143,1.0,308.0,308.0,308.0,nan,nan,0.0,0.0
context,24000,union_hybrid,ALL,context_success,1100,1003,0.9118181818181819,0.8935959565206003,0.9271740850104898,2183.1718181818183,371.0,20654.0,nan,nan,3.6159589944873005,5.532233358826487
context,24000,union_hybrid,abstention,context_success,100,100,1.0,0.9630065017930143,1.0,322.4,322.0,325.0,nan,nan,4.921916508465074,5.305877090722788
context,24000,union_hybrid,cross_patient_disambiguation,context_success,100,100,1.0,0.9630065017930143,1.0,535.0,535.0,535.0,nan,nan,3.695520485052839,5.949241372582036
context,24000,union_hybrid,cross_session_recall,context_success,100,100,1.0,0.9630065017930143,1.0,375.2,375.0,398.0,nan,nan,5.0040624919347465,5.475581875361968
context,24000,union_hybrid,cross_user_isolation,context_success,300,300,1.0,0.9873570287754538,0.9999999999999998,71.0,71.0,71.0,nan,nan,0.0023330067051574588,0.004254153463989497
context,24000,union_hybrid,memory_prompt_injection,context_success,100,100,1.0,0.9630065017930143,1.0,311.4,311.0,314.0,nan,nan,3.401020512683317,4.38593334692996
context,24000,union_hybrid,same_session_overflow,context_success,100,100,1.0,0.9630065017930143,1.0,20654.8,20654.0,20660.0,nan,nan,3.809187503065914,5.883506537065841
context,24000,union_hybrid,semantic_paraphrase,context_success,100,3,0.03,0.010254524024038925,0.0845193642905276,387.49,387.5,416.0,nan,nan,2.9030829900875688,3.142256250430364
context,24000,union_hybrid,temporal_update,context_success,100,100,1.0,0.9630065017930143,1.0,524.6,523.0,529.0,nan,nan,5.010604494600557,5.412966359290294
context,24000,union_hybrid,tool_evidence,context_success,100,100,1.0,0.9630065017930143,1.0,691.0,691.0,691.0,nan,nan,5.269333501928486,7.547870810958557
